userID,timestamp,latitude,longitude,created_at,accuracy
5c254cf064b33bac22c66fa3,2019-02-17 15:13:01,53.384693145752,-1.49823701381683,2019-02-17 23:13:48,12.836
5c254cf064b33bac22c66fa3,2019-02-17 15:18:48,53.3846778869629,-1.49824357032776,2019-02-17 23:13:48,14.996
5c254cf064b33bac22c66fa3,2019-02-17 15:20:56,53.384220123291,-1.49794661998749,2019-02-17 23:13:48,15.399
5c254cf064b33bac22c66fa3,2019-02-17 15:21:18,53.3838653564453,-1.4980696439743,2019-02-17 23:13:48,17.217
5c254cf064b33bac22c66fa3,2019-02-17 15:21:38,53.3836631774902,-1.49780225753784,2019-02-17 23:13:48,16.585
5c254cf064b33bac22c66fa3,2019-02-17 15:21:58,53.3834114074707,-1.49780642986298,2019-02-17 23:13:48,15.8
5c254cf064b33bac22c66fa3,2019-02-17 15:22:19,53.3832702636719,-1.49803793430328,2019-02-17 23:13:48,25.915
5c254cf064b33bac22c66fa3,2019-02-17 15:22:39,53.3829956054688,-1.49805378913879,2019-02-17 23:13:48,17.25
5c254cf064b33bac22c66fa3,2019-02-17 15:22:59,53.3827819824219,-1.49819445610046,2019-02-17 23:13:48,26.004
5c254cf064b33bac22c66fa3,2019-02-17 15:23:20,53.3826370239258,-1.49809646606445,2019-02-17 23:13:48,24.81
5c254cf064b33bac22c66fa3,2019-02-17 15:23:40,53.3819541931152,-1.49758863449097,2019-02-17 23:13:48,77.576
5c254cf064b33bac22c66fa3,2019-02-17 15:24:00,53.3817901611328,-1.49729669094086,2019-02-17 23:13:48,33.26
5c254cf064b33bac22c66fa3,2019-02-17 15:24:21,53.3819236755371,-1.49678182601929,2019-02-17 23:13:48,17.393
5c254cf064b33bac22c66fa3,2019-02-17 15:24:42,53.3821067810059,-1.49654304981232,2019-02-17 23:13:48,28.55
5c254cf064b33bac22c66fa3,2019-02-17 15:25:48,53.3827857971191,-1.49598109722137,2019-02-17 23:13:48,15.09
5c254cf064b33bac22c66fa3,2019-02-17 15:26:09,53.3829383850098,-1.49587953090668,2019-02-17 23:13:48,27.655
5c254cf064b33bac22c66fa3,2019-02-17 15:26:31,53.3828544616699,-1.49597775936127,2019-02-17 23:13:48,77.6
5c254cf064b33bac22c66fa3,2019-02-17 15:28:01,53.383113861084,-1.49603402614594,2019-02-17 23:13:48,200
5c254cf064b33bac22c66fa3,2019-02-17 15:28:23,53.382453918457,-1.4947874546051,2019-02-17 23:13:48,699.999
5c254cf064b33bac22c66fa3,2019-02-17 15:28:43,53.3826332092285,-1.49601304531097,2019-02-17 23:13:48,15.434
5c254cf064b33bac22c66fa3,2019-02-17 15:42:10,53.3831367492676,-1.49401772022247,2019-02-17 23:13:48,600
5c254cf064b33bac22c66fa3,2019-02-17 15:42:32,53.382453918457,-1.4947874546051,2019-02-17 23:13:48,699.999
5c254cf064b33bac22c66fa3,2019-02-17 15:47:35,53.382625579834,-1.49601984024048,2019-02-17 23:13:48,41.728
5c254cf064b33bac22c66fa3,2019-02-17 15:57:27,53.3826065063477,-1.4959876537323,2019-02-17 23:13:48,15.981
5c254cf064b33bac22c66fa3,2019-02-17 16:01:12,53.3829116821289,-1.49609303474426,2019-02-17 23:13:48,22.293
5c254cf064b33bac22c66fa3,2019-02-17 16:03:04,53.3828201293945,-1.49609267711639,2019-02-17 23:13:48,26.16
5c254cf064b33bac22c66fa3,2019-02-17 16:03:24,53.3828125,-1.49586725234985,2019-02-17 23:13:48,28.593
5c254cf064b33bac22c66fa3,2019-02-17 16:04:05,53.3831367492676,-1.49401772022247,2019-02-17 23:13:48,600
5c254cf064b33bac22c66fa3,2019-02-17 16:04:25,53.3822212219238,-1.49632704257965,2019-02-17 23:13:48,47.465
5c254cf064b33bac22c66fa3,2019-02-17 16:04:46,53.3820457458496,-1.49664890766144,2019-02-17 23:13:48,17.083
5c254cf064b33bac22c66fa3,2019-02-17 16:05:09,53.3823471069336,-1.4979236125946,2019-02-17 23:13:48,116.1
5c254cf064b33bac22c66fa3,2019-02-17 16:05:48,53.3820915222168,-1.49775516986847,2019-02-17 23:13:48,77.836
5c254cf064b33bac22c66fa3,2019-02-17 16:06:08,53.3826026916504,-1.49825847148895,2019-02-17 23:13:48,16.955
5c254cf064b33bac22c66fa3,2019-02-17 16:06:30,53.3829307556152,-1.49819183349609,2019-02-17 23:13:48,30.171
5c254cf064b33bac22c66fa3,2019-02-17 16:06:51,53.3832244873047,-1.49793434143066,2019-02-17 23:13:48,34.222
5c254cf064b33bac22c66fa3,2019-02-17 16:07:12,53.3831787109375,-1.49800777435303,2019-02-17 23:13:48,23.757
5c254cf064b33bac22c66fa3,2019-02-17 16:07:34,53.3834342956543,-1.49764585494995,2019-02-17 23:13:48,23.742
5c254cf064b33bac22c66fa3,2019-02-17 16:07:55,53.3836441040039,-1.49775004386902,2019-02-17 23:13:48,17.839
5c254cf064b33bac22c66fa3,2019-02-17 16:08:15,53.3840599060059,-1.49808287620544,2019-02-17 23:13:48,16.854
5c254cf064b33bac22c66fa3,2019-02-17 16:08:37,53.3841590881348,-1.49795043468475,2019-02-17 23:13:48,15.36
5c254cf064b33bac22c66fa3,2019-02-17 16:08:58,53.38427734375,-1.49792766571045,2019-02-17 23:13:48,16.003
5c254cf064b33bac22c66fa3,2019-02-17 16:09:19,53.3845176696777,-1.49784970283508,2019-02-17 23:13:48,16.145
5c254cf064b33bac22c66fa3,2019-02-17 16:09:42,53.3846740722656,-1.4979612827301,2019-02-17 23:13:48,24.074
5c254cf064b33bac22c66fa3,2019-02-17 16:10:05,53.3846855163574,-1.49826431274414,2019-02-17 23:13:48,16
5c254cf064b33bac22c66fa3,2019-02-17 18:39:57,53.3844146728516,-1.49854505062103,2019-02-17 23:13:48,17
5c254cf064b33bac22c66fa3,2019-02-17 18:40:13,53.3846092224121,-1.49812304973602,2019-02-17 23:13:48,6.518
5c254cf064b33bac22c66fa3,2019-02-17 18:40:29,53.3846130371094,-1.49790644645691,2019-02-17 23:13:48,6.44
5c254cf064b33bac22c66fa3,2019-02-17 18:40:44,53.3847389221191,-1.49779653549194,2019-02-17 23:13:48,7.083
5c254cf064b33bac22c66fa3,2019-02-17 18:41:00,53.3849334716797,-1.49754953384399,2019-02-17 23:13:48,6.354
5c254cf064b33bac22c66fa3,2019-02-17 18:41:15,53.3850784301758,-1.49741184711456,2019-02-17 23:13:48,6.136
5c254cf064b33bac22c66fa3,2019-02-17 18:41:31,53.3852310180664,-1.49725127220154,2019-02-17 23:13:48,5.912
5c254cf064b33bac22c66fa3,2019-02-17 18:41:47,53.3854103088379,-1.49702191352844,2019-02-17 23:13:48,6.182
5c254cf064b33bac22c66fa3,2019-02-17 18:42:02,53.3855819702148,-1.4968523979187,2019-02-17 23:13:48,6.877
5c254cf064b33bac22c66fa3,2019-02-17 18:42:17,53.3857688903809,-1.49666595458984,2019-02-17 23:13:48,6.158
5c254cf064b33bac22c66fa3,2019-02-17 18:42:33,53.3859443664551,-1.49646186828613,2019-02-17 23:13:48,5.82
5c254cf064b33bac22c66fa3,2019-02-17 18:42:48,53.3860473632813,-1.49618053436279,2019-02-17 23:13:48,5.875
5c254cf064b33bac22c66fa3,2019-02-17 18:43:04,53.3861236572266,-1.49591219425201,2019-02-17 23:13:48,6.321
5c254cf064b33bac22c66fa3,2019-02-17 18:43:20,53.3862609863281,-1.49565207958221,2019-02-17 23:13:48,6.106
5c254cf064b33bac22c66fa3,2019-02-17 18:43:35,53.3862228393555,-1.49548828601837,2019-02-17 23:13:48,6.484
5c254cf064b33bac22c66fa3,2019-02-17 18:43:50,53.3860702514648,-1.49517643451691,2019-02-17 23:13:48,5.877
5c254cf064b33bac22c66fa3,2019-02-17 18:44:07,53.3860549926758,-1.49493229389191,2019-02-17 23:13:48,7.137
5c254cf064b33bac22c66fa3,2019-02-17 18:44:22,53.3858413696289,-1.4947304725647,2019-02-17 23:13:48,6.351
5c254cf064b33bac22c66fa3,2019-02-17 18:44:43,53.3856582641602,-1.49454343318939,2019-02-17 23:13:48,13.471
5c254cf064b33bac22c66fa3,2019-02-17 18:45:03,53.385440826416,-1.49386084079742,2019-02-17 23:13:48,16.239
5c254cf064b33bac22c66fa3,2019-02-17 18:45:25,53.3852653503418,-1.4938098192215,2019-02-17 23:13:48,15.403
5c254cf064b33bac22c66fa3,2019-02-17 18:45:44,53.3853759765625,-1.49341785907745,2019-02-17 23:13:48,17.437
5c254cf064b33bac22c66fa3,2019-02-17 18:46:04,53.3852844238281,-1.49332118034363,2019-02-17 23:13:48,28.832
5c254cf064b33bac22c66fa3,2019-02-17 18:46:25,53.3850784301758,-1.49330699443817,2019-02-17 23:13:48,28.464
5c254cf064b33bac22c66fa3,2019-02-17 18:46:45,53.3851585388184,-1.49344420433044,2019-02-17 23:13:48,32.662
5c254cf064b33bac22c66fa3,2019-02-17 18:47:05,53.3851661682129,-1.49315631389618,2019-02-17 23:13:48,87.6
5c254cf064b33bac22c66fa3,2019-02-17 18:47:26,53.385009765625,-1.49313223361969,2019-02-17 23:13:48,149.6
5c254cf064b33bac22c66fa3,2019-02-17 18:47:47,53.3851661682129,-1.49315631389618,2019-02-17 23:13:48,116.1
5c254cf064b33bac22c66fa3,2019-02-17 18:49:08,53.3837051391602,-1.48937630653381,2019-02-17 23:13:48,87.6
5c254cf064b33bac22c66fa3,2019-02-17 18:49:50,53.3835868835449,-1.48917233943939,2019-02-17 23:13:48,15.412
5c254cf064b33bac22c66fa3,2019-02-17 18:50:11,53.3833236694336,-1.48871994018555,2019-02-17 23:13:48,17.422
5c254cf064b33bac22c66fa3,2019-02-17 18:50:51,53.3832931518555,-1.48866271972656,2019-02-17 23:13:48,76.015
5c254cf064b33bac22c66fa3,2019-02-17 18:51:12,53.3834648132324,-1.48879730701447,2019-02-17 23:13:48,116.1
5c254cf064b33bac22c66fa3,2019-02-17 18:52:54,53.3823890686035,-1.48581099510193,2019-02-17 23:13:48,50.015
5c254cf064b33bac22c66fa3,2019-02-17 18:53:14,53.3823471069336,-1.48545253276825,2019-02-17 23:13:48,16.864
5c254cf064b33bac22c66fa3,2019-02-17 18:53:36,53.382511138916,-1.48479127883911,2019-02-17 23:13:48,98.4
5c254cf064b33bac22c66fa3,2019-02-17 18:53:57,53.3824882507324,-1.48442196846008,2019-02-17 23:13:48,50.399
5c254cf064b33bac22c66fa3,2019-02-17 18:54:21,53.3824424743652,-1.48413956165314,2019-02-17 23:13:48,64.634
5c254cf064b33bac22c66fa3,2019-02-17 18:55:01,53.3823738098145,-1.4839996099472,2019-02-17 23:13:48,27.283
5c254cf064b33bac22c66fa3,2019-02-17 18:55:21,53.3821983337402,-1.48351275920868,2019-02-17 23:13:48,17.33
5c254cf064b33bac22c66fa3,2019-02-17 18:55:46,53.382022857666,-1.48346638679504,2019-02-17 23:13:48,33.577
5c254cf064b33bac22c66fa3,2019-02-17 18:56:22,53.3818435668945,-1.48314476013184,2019-02-17 23:13:48,17.391
5c254cf064b33bac22c66fa3,2019-02-17 18:56:42,53.3815155029297,-1.48317587375641,2019-02-17 23:13:48,50.307
5c254cf064b33bac22c66fa3,2019-02-17 18:57:03,53.381217956543,-1.48292982578278,2019-02-17 23:13:48,30.169
5c254cf064b33bac22c66fa3,2019-02-17 18:57:23,53.3811759948731,-1.48215436935425,2019-02-17 23:13:48,29.074
5c254cf064b33bac22c66fa3,2019-02-17 18:57:43,53.3811492919922,-1.48186421394348,2019-02-17 23:13:48,17.474
5c254cf064b33bac22c66fa3,2019-02-17 18:58:04,53.3813667297363,-1.48144578933716,2019-02-17 23:13:48,24.412
5c254cf064b33bac22c66fa3,2019-02-17 18:58:46,53.3816566467285,-1.48169136047363,2019-02-17 23:13:48,15.444
5c254cf064b33bac22c66fa3,2019-02-17 18:59:07,53.3817100524902,-1.48172235488892,2019-02-17 23:13:48,15.89
5c254cf064b33bac22c66fa3,2019-02-17 18:59:28,53.3817977905273,-1.48161709308624,2019-02-17 23:13:48,16.996
5c254cf064b33bac22c66fa3,2019-02-17 19:00:53,53.3817481994629,-1.48204064369202,2019-02-17 23:13:48,16.908
5c254cf064b33bac22c66fa3,2019-02-17 20:32:50,53.3817520141602,-1.48223805427551,2019-02-17 23:13:48,17.628
5c254cf064b33bac22c66fa3,2019-02-17 20:33:11,53.3818016052246,-1.48203575611115,2019-02-17 23:13:48,31.4
5c254cf064b33bac22c66fa3,2019-02-17 20:34:03,53.3817443847656,-1.48202335834503,2019-02-17 23:13:48,15.044
5c254cf064b33bac22c66fa3,2019-02-17 20:36:12,53.3816986083984,-1.48176264762878,2019-02-17 23:13:48,16.565
5c254cf064b33bac22c66fa3,2019-02-17 20:36:56,53.3816719055176,-1.4817099571228,2019-02-17 23:13:48,15.363
5c254cf064b33bac22c66fa3,2019-02-17 20:37:16,53.3817138671875,-1.48163211345673,2019-02-17 23:13:48,16.225
5c254cf064b33bac22c66fa3,2019-02-17 20:37:37,53.38134765625,-1.48148834705353,2019-02-17 23:13:48,15.225
5c254cf064b33bac22c66fa3,2019-02-17 20:38:17,53.3812599182129,-1.48221504688263,2019-02-17 23:13:48,699.999
5c254cf064b33bac22c66fa3,2019-02-17 20:38:57,53.3812446594238,-1.48338401317596,2019-02-17 23:13:48,63.725
5c254cf064b33bac22c66fa3,2019-02-17 20:39:19,53.381160736084,-1.48345494270325,2019-02-17 23:13:48,31.765
5c254cf064b33bac22c66fa3,2019-02-17 20:39:39,53.3814239501953,-1.48347496986389,2019-02-17 23:13:48,31.835
5c254cf064b33bac22c66fa3,2019-02-17 20:40:40,53.3829307556152,-1.48351573944092,2019-02-17 23:13:48,699.999
5c254cf064b33bac22c66fa3,2019-02-17 20:41:22,53.3823966979981,-1.48387980461121,2019-02-17 23:13:48,116.1
5c254cf064b33bac22c66fa3,2019-02-17 20:41:41,53.3822784423828,-1.48487055301666,2019-02-17 23:13:48,50.071
5c254cf064b33bac22c66fa3,2019-02-17 20:42:01,53.3820114135742,-1.48534369468689,2019-02-17 23:13:48,22.364
5c254cf064b33bac22c66fa3,2019-02-17 20:42:22,53.3820686340332,-1.48551201820374,2019-02-17 23:13:48,110
5c254cf064b33bac22c66fa3,2019-02-17 20:43:02,53.3820571899414,-1.48513889312744,2019-02-17 23:13:48,58.86
5c254cf064b33bac22c66fa3,2019-02-17 20:43:35,53.3820190429688,-1.48565149307251,2019-02-17 23:13:48,24.124
5c254cf064b33bac22c66fa3,2019-02-17 20:43:55,53.3819274902344,-1.48602116107941,2019-02-17 23:13:48,24.1
5c254cf064b33bac22c66fa3,2019-02-17 20:44:16,53.3819694519043,-1.48661756515503,2019-02-17 23:13:48,16.599
5c254cf064b33bac22c66fa3,2019-02-17 20:44:37,53.3821144104004,-1.48714065551758,2019-02-17 23:13:48,16.222
5c254cf064b33bac22c66fa3,2019-02-17 20:44:56,53.3822860717774,-1.48723363876343,2019-02-17 23:13:48,16
5c254cf064b33bac22c66fa3,2019-02-17 20:45:39,53.3826217651367,-1.48762774467468,2019-02-17 23:13:48,36.373
5c254cf064b33bac22c66fa3,2019-02-17 20:46:18,53.3826904296875,-1.48770868778229,2019-02-17 23:13:48,93.284
5c254cf064b33bac22c66fa3,2019-02-17 20:46:38,53.3836059570313,-1.48894214630127,2019-02-17 23:13:48,17.168
5c254cf064b33bac22c66fa3,2019-02-17 20:46:59,53.3834571838379,-1.48864960670471,2019-02-17 23:13:48,72.9
5c254cf064b33bac22c66fa3,2019-02-17 20:47:20,53.3836059570313,-1.4889155626297,2019-02-17 23:13:48,16.198
5c254cf064b33bac22c66fa3,2019-02-17 20:47:42,53.3837013244629,-1.48919546604157,2019-02-17 23:13:48,28.871
5c254cf064b33bac22c66fa3,2019-02-17 20:48:22,53.3837966918945,-1.48936235904694,2019-02-17 23:13:48,92.9
5c254cf064b33bac22c66fa3,2019-02-17 20:48:41,53.3851661682129,-1.49315631389618,2019-02-17 23:13:48,128.9
5c254cf064b33bac22c66fa3,2019-02-17 20:49:42,53.3857612609863,-1.49299645423889,2019-02-17 23:13:48,98.4
5c254cf064b33bac22c66fa3,2019-02-17 20:50:02,53.385570526123,-1.49329209327698,2019-02-17 23:13:48,15.944
5c254cf064b33bac22c66fa3,2019-02-17 20:50:23,53.3855171203613,-1.49327886104584,2019-02-17 23:13:48,30.647
5c254cf064b33bac22c66fa3,2019-02-17 20:50:43,53.3852272033691,-1.49305284023285,2019-02-17 23:13:48,22.46
5c254cf064b33bac22c66fa3,2019-02-17 20:51:03,53.3853797912598,-1.49330568313599,2019-02-17 23:13:48,24.451
5c254cf064b33bac22c66fa3,2019-02-17 20:51:24,53.3854675292969,-1.49334597587585,2019-02-17 23:13:48,23.882
5c254cf064b33bac22c66fa3,2019-02-17 20:51:44,53.3854179382324,-1.49360084533691,2019-02-17 23:13:48,17.95
5c254cf064b33bac22c66fa3,2019-02-17 20:52:04,53.3852195739746,-1.49420487880707,2019-02-17 23:13:48,31.876
5c254cf064b33bac22c66fa3,2019-02-17 20:52:25,53.3855018615723,-1.49399077892303,2019-02-17 23:13:48,29.342
5c254cf064b33bac22c66fa3,2019-02-17 20:52:45,53.3855628967285,-1.49428975582123,2019-02-17 23:13:48,23.216
5c254cf064b33bac22c66fa3,2019-02-17 20:53:05,53.3858299255371,-1.49445140361786,2019-02-17 23:13:48,29.148
5c254cf064b33bac22c66fa3,2019-02-17 20:53:26,53.3859367370606,-1.49500238895416,2019-02-17 23:13:48,29.987
5c254cf064b33bac22c66fa3,2019-02-17 20:53:46,53.38623046875,-1.49503576755524,2019-02-17 23:13:48,29.189
5c254cf064b33bac22c66fa3,2019-02-17 20:54:07,53.3862075805664,-1.4956636428833,2019-02-17 23:13:48,28.416
5c254cf064b33bac22c66fa3,2019-02-17 20:54:27,53.3861541748047,-1.49604392051697,2019-02-17 23:13:48,17.031
5c254cf064b33bac22c66fa3,2019-02-17 20:54:48,53.3860168457031,-1.49612402915955,2019-02-17 23:13:48,15.257
5c254cf064b33bac22c66fa3,2019-02-17 20:55:07,53.3858184814453,-1.49637699127197,2019-02-17 23:13:48,24.23
5c254cf064b33bac22c66fa3,2019-02-17 20:55:29,53.3856048583984,-1.49665403366089,2019-02-17 23:13:48,16.939
5c254cf064b33bac22c66fa3,2019-02-17 20:55:49,53.3853950500488,-1.4972939491272,2019-02-17 23:13:48,17.896
5c254cf064b33bac22c66fa3,2019-02-17 20:56:09,53.3852233886719,-1.49731826782227,2019-02-17 23:13:48,16.094
5c254cf064b33bac22c66fa3,2019-02-17 20:56:30,53.3848342895508,-1.49763238430023,2019-02-17 23:13:48,23.942
5c254cf064b33bac22c66fa3,2019-02-17 20:56:50,53.3847389221191,-1.49785995483398,2019-02-17 23:13:48,15.653
5c254cf064b33bac22c66fa3,2019-02-17 20:57:10,53.3845825195313,-1.49784314632416,2019-02-17 23:13:48,29.093
5c254cf064b33bac22c66fa3,2019-02-17 20:57:31,53.3846855163574,-1.49826431274414,2019-02-17 23:13:48,16.9
5c254cf064b33bac22c66fa3,2019-02-18 13:01:58,53.3850936889648,-1.49746668338776,2019-02-19 00:40:33,17.513
5c254cf064b33bac22c66fa3,2019-02-18 13:02:35,53.3854370117188,-1.49726402759552,2019-02-19 00:40:33,31.708
5c254cf064b33bac22c66fa3,2019-02-18 13:02:58,53.3856544494629,-1.49666404724121,2019-02-19 00:40:33,17.905
5c254cf064b33bac22c66fa3,2019-02-18 13:03:19,53.3859252929688,-1.49630904197693,2019-02-19 00:40:33,15.412
5c254cf064b33bac22c66fa3,2019-02-18 13:03:40,53.3860664367676,-1.49609684944153,2019-02-19 00:40:33,16.207
5c254cf064b33bac22c66fa3,2019-02-18 13:04:02,53.3862342834473,-1.49576950073242,2019-02-19 00:40:33,24.636
5c254cf064b33bac22c66fa3,2019-02-18 13:04:23,53.3862342834473,-1.49511969089508,2019-02-19 00:40:33,16.305
5c254cf064b33bac22c66fa3,2019-02-18 13:04:45,53.3859405517578,-1.49495041370392,2019-02-19 00:40:33,22.127
5c254cf064b33bac22c66fa3,2019-02-18 13:05:06,53.3857269287109,-1.49474620819092,2019-02-19 00:40:33,30.986
5c254cf064b33bac22c66fa3,2019-02-18 13:05:27,53.3860588073731,-1.49434435367584,2019-02-19 00:40:33,40.442
5c254cf064b33bac22c66fa3,2019-02-18 13:07:51,53.3858680725098,-1.49453139305115,2019-02-19 00:40:33,35.14
5c254cf064b33bac22c66fa3,2019-02-18 13:08:12,53.3857727050781,-1.49434924125671,2019-02-19 00:40:33,31.666
5c254cf064b33bac22c66fa3,2019-02-18 13:09:59,53.3857765197754,-1.4945056438446,2019-02-19 00:40:33,17.664
5c254cf064b33bac22c66fa3,2019-02-18 13:12:36,53.3858604431152,-1.49499416351318,2019-02-19 00:40:33,27.194
5c254cf064b33bac22c66fa3,2019-02-18 13:12:57,53.3860702514648,-1.49487602710724,2019-02-19 00:40:33,26.877
5c254cf064b33bac22c66fa3,2019-02-18 13:13:17,53.3862838745117,-1.4954092502594,2019-02-19 00:40:33,28.967
5c254cf064b33bac22c66fa3,2019-02-18 13:13:37,53.3862571716309,-1.49592661857605,2019-02-19 00:40:33,23.302
5c254cf064b33bac22c66fa3,2019-02-18 13:13:57,53.3860740661621,-1.49611341953278,2019-02-19 00:40:33,16.149
5c254cf064b33bac22c66fa3,2019-02-18 13:14:19,53.3858757019043,-1.49638044834137,2019-02-19 00:40:33,16.602
5c254cf064b33bac22c66fa3,2019-02-18 13:14:40,53.3859519958496,-1.49638843536377,2019-02-19 00:40:33,15.322
5c254cf064b33bac22c66fa3,2019-02-18 13:15:01,53.3855361938477,-1.49669694900513,2019-02-19 00:40:33,16.995
5c254cf064b33bac22c66fa3,2019-02-18 13:15:21,53.3854713439941,-1.4972335100174,2019-02-19 00:40:33,23.601
5c254cf064b33bac22c66fa3,2019-02-18 13:15:42,53.3851280212402,-1.49734890460968,2019-02-19 00:40:33,16.907
5c254cf064b33bac22c66fa3,2019-02-18 13:16:03,53.3848876953125,-1.49768435955048,2019-02-19 00:40:33,25.088
5c254cf064b33bac22c66fa3,2019-02-18 13:16:23,53.3846893310547,-1.49786043167114,2019-02-19 00:40:33,17.176
5c254cf064b33bac22c66fa3,2019-02-18 13:16:45,53.384464263916,-1.4978324174881,2019-02-19 00:40:33,26.464
5c254cf064b33bac22c66fa3,2019-02-18 13:17:05,53.3846817016602,-1.49825775623322,2019-02-19 00:40:33,14.848
5c254cf064b33bac22c66fa3,2019-02-18 13:18:55,53.3846549987793,-1.49832999706268,2019-02-19 00:40:33,24.433
5c254cf064b33bac22c66fa3,2019-02-18 13:20:48,53.3847122192383,-1.49823427200317,2019-02-19 00:40:33,15.166
5c254cf064b33bac22c66fa3,2019-02-19 08:00:25,53.384708404541,-1.49821746349335,2019-02-19 15:11:01,14.997
5c254cf064b33bac22c66fa3,2019-02-19 10:39:44,53.3859748840332,-1.48287355899811,2019-02-19 15:11:01,1100
5c254cf064b33bac22c66fa3,2019-02-19 10:40:05,53.3846817016602,-1.49828279018402,2019-02-19 15:11:01,15.353
5c254cf064b33bac22c66fa3,2019-02-19 10:41:08,53.3847122192383,-1.49781012535095,2019-02-19 15:11:01,5.747
5c254cf064b33bac22c66fa3,2019-02-19 10:41:28,53.3847770690918,-1.49779367446899,2019-02-19 15:11:01,35.925
5c254cf064b33bac22c66fa3,2019-02-19 10:41:48,53.3851547241211,-1.4972425699234,2019-02-19 15:11:01,16.825
5c254cf064b33bac22c66fa3,2019-02-19 10:42:10,53.3855819702148,-1.4969596862793,2019-02-19 15:11:01,31.516
5c254cf064b33bac22c66fa3,2019-02-19 10:42:31,53.3856544494629,-1.49658536911011,2019-02-19 15:11:01,17.742
5c254cf064b33bac22c66fa3,2019-02-19 10:42:52,53.3860397338867,-1.49618375301361,2019-02-19 15:11:01,23.983
5c254cf064b33bac22c66fa3,2019-02-19 10:43:13,53.3860855102539,-1.49615323543549,2019-02-19 15:11:01,15.269
5c254cf064b33bac22c66fa3,2019-02-19 10:43:35,53.3863563537598,-1.49567985534668,2019-02-19 15:11:01,29.17
5c254cf064b33bac22c66fa3,2019-02-19 10:43:56,53.3861045837402,-1.4953932762146,2019-02-19 15:11:01,32.069
5c254cf064b33bac22c66fa3,2019-02-19 10:44:18,53.3858413696289,-1.49496936798096,2019-02-19 15:11:01,27.145
5c254cf064b33bac22c66fa3,2019-02-19 10:44:39,53.3857383728027,-1.494753241539,2019-02-19 15:11:01,31.921
5c254cf064b33bac22c66fa3,2019-02-19 10:45:00,53.3854942321777,-1.49417114257813,2019-02-19 15:11:01,34.743
5c254cf064b33bac22c66fa3,2019-02-19 10:45:22,53.3851623535156,-1.49428045749664,2019-02-19 15:11:01,29.059
5c254cf064b33bac22c66fa3,2019-02-19 10:46:02,53.3852005004883,-1.49402236938477,2019-02-19 15:11:01,30.542
5c254cf064b33bac22c66fa3,2019-02-19 10:46:23,53.3854103088379,-1.49344635009766,2019-02-19 15:11:01,31.081
5c254cf064b33bac22c66fa3,2019-02-19 10:46:45,53.385196685791,-1.49306285381317,2019-02-19 15:11:01,28.299
5c254cf064b33bac22c66fa3,2019-02-19 10:47:06,53.3848915100098,-1.49323511123657,2019-02-19 15:11:01,33.56
5c254cf064b33bac22c66fa3,2019-02-19 10:47:28,53.3855285644531,-1.49306261539459,2019-02-19 15:11:01,23.996
5c254cf064b33bac22c66fa3,2019-02-19 10:47:50,53.3857612609863,-1.49299645423889,2019-02-19 15:11:01,135.6
5c254cf064b33bac22c66fa3,2019-02-19 10:48:31,53.3841361999512,-1.49459481239319,2019-02-19 15:11:01,142.5
5c254cf064b33bac22c66fa3,2019-02-19 10:49:13,53.3837966918945,-1.48936235904694,2019-02-19 15:11:01,116.1
5c254cf064b33bac22c66fa3,2019-02-19 10:49:55,53.3836631774902,-1.48912024497986,2019-02-19 15:11:01,92.9
5c254cf064b33bac22c66fa3,2019-02-19 10:50:16,53.3834571838379,-1.48864960670471,2019-02-19 15:11:01,82.5
5c254cf064b33bac22c66fa3,2019-02-19 10:50:38,53.3833541870117,-1.48862516880035,2019-02-19 15:11:01,16.332
5c254cf064b33bac22c66fa3,2019-02-19 10:51:39,53.3834075927734,-1.48849165439606,2019-02-19 15:11:01,130.717
5c254cf064b33bac22c66fa3,2019-02-19 10:52:42,53.3828735351563,-1.48614728450775,2019-02-19 15:11:01,128.9
5c254cf064b33bac22c66fa3,2019-02-19 10:53:04,53.3825302124023,-1.48612368106842,2019-02-19 15:11:01,44.587
5c254cf064b33bac22c66fa3,2019-02-19 10:53:23,53.3830795288086,-1.48706007003784,2019-02-19 15:11:01,122.4
5c254cf064b33bac22c66fa3,2019-02-19 10:53:43,53.3822059631348,-1.48522305488586,2019-02-19 15:11:01,122.4
5c254cf064b33bac22c66fa3,2019-02-19 10:54:26,53.3825569152832,-1.48455250263214,2019-02-19 15:11:01,142.5
5c254cf064b33bac22c66fa3,2019-02-19 10:54:49,53.3823966979981,-1.48387980461121,2019-02-19 15:11:01,104.1
5c254cf064b33bac22c66fa3,2019-02-19 10:55:45,53.3823585510254,-1.48364233970642,2019-02-19 15:11:01,31.614
5c254cf064b33bac22c66fa3,2019-02-19 10:56:06,53.3824577331543,-1.48345696926117,2019-02-19 15:11:01,29.184
5c254cf064b33bac22c66fa3,2019-02-19 10:56:28,53.3818893432617,-1.48340535163879,2019-02-19 15:11:01,25.983
5c254cf064b33bac22c66fa3,2019-02-19 10:56:49,53.3818626403809,-1.48315262794495,2019-02-19 15:11:01,28.721
5c254cf064b33bac22c66fa3,2019-02-19 10:57:09,53.3821678161621,-1.48304188251495,2019-02-19 15:11:01,62.262
5c254cf064b33bac22c66fa3,2019-02-19 10:57:31,53.3820533752441,-1.48322594165802,2019-02-19 15:11:01,116.1
5c254cf064b33bac22c66fa3,2019-02-19 10:57:52,53.3819694519043,-1.48272514343262,2019-02-19 15:11:01,87.6
5c254cf064b33bac22c66fa3,2019-02-19 10:58:55,53.3840179443359,-1.47752285003662,2019-02-19 15:11:01,899.999
5c254cf064b33bac22c66fa3,2019-02-19 11:00:02,53.3853721618652,-1.47719240188599,2019-02-19 15:11:01,899.999
5c254cf064b33bac22c66fa3,2019-02-19 11:01:05,53.3834686279297,-1.47824954986572,2019-02-19 15:11:01,17.412
5c254cf064b33bac22c66fa3,2019-02-19 11:01:24,53.3834075927734,-1.4780980348587,2019-02-19 15:11:01,14.284
5c254cf064b33bac22c66fa3,2019-02-19 12:24:40,53.3835487365723,-1.47839748859406,2019-02-19 15:11:01,30.671
5c254cf064b33bac22c66fa3,2019-02-19 12:25:26,53.3828430175781,-1.47840023040771,2019-02-19 15:11:01,85.635
5c254cf064b33bac22c66fa3,2019-02-19 12:25:48,53.3828735351563,-1.47805142402649,2019-02-19 15:11:01,100
5c254cf064b33bac22c66fa3,2019-02-19 12:26:14,53.3828239440918,-1.47854125499725,2019-02-19 15:11:01,86.777
5c254cf064b33bac22c66fa3,2019-02-19 12:26:36,53.3828010559082,-1.47974979877472,2019-02-19 15:11:01,35
5c254cf064b33bac22c66fa3,2019-02-19 12:26:53,53.3825531005859,-1.48000299930573,2019-02-19 15:11:01,6.621
5c254cf064b33bac22c66fa3,2019-02-19 12:27:08,53.382453918457,-1.48030555248261,2019-02-19 15:11:01,6.69
5c254cf064b33bac22c66fa3,2019-02-19 12:27:24,53.3823852539063,-1.48064053058624,2019-02-19 15:11:01,5.98
5c254cf064b33bac22c66fa3,2019-02-19 12:27:39,53.38232421875,-1.48096287250519,2019-02-19 15:11:01,6.742
5c254cf064b33bac22c66fa3,2019-02-19 12:27:54,53.3822441101074,-1.48123753070831,2019-02-19 15:11:01,6.669
5c254cf064b33bac22c66fa3,2019-02-19 12:28:10,53.3820991516113,-1.48162257671356,2019-02-19 15:11:01,7.451
5c254cf064b33bac22c66fa3,2019-02-19 12:28:26,53.3820610046387,-1.48196363449097,2019-02-19 15:11:01,7.418
5c254cf064b33bac22c66fa3,2019-02-19 12:28:41,53.3820304870605,-1.48227691650391,2019-02-19 15:11:01,7.3
5c254cf064b33bac22c66fa3,2019-02-19 12:28:58,53.3819007873535,-1.48263442516327,2019-02-19 15:11:01,9.063
5c254cf064b33bac22c66fa3,2019-02-19 12:29:13,53.3819122314453,-1.48300015926361,2019-02-19 15:11:01,7.476
5c254cf064b33bac22c66fa3,2019-02-19 12:29:29,53.382022857666,-1.48333597183228,2019-02-19 15:11:01,7.281
5c254cf064b33bac22c66fa3,2019-02-19 12:29:47,53.3820877075195,-1.48344087600708,2019-02-19 15:11:01,6.876
5c254cf064b33bac22c66fa3,2019-02-19 12:30:22,53.3820152282715,-1.48352944850922,2019-02-19 15:11:01,7.646
5c254cf064b33bac22c66fa3,2019-02-19 12:30:40,53.3817443847656,-1.48375618457794,2019-02-19 15:11:01,6.859
5c254cf064b33bac22c66fa3,2019-02-19 12:30:57,53.381591796875,-1.48388993740082,2019-02-19 15:11:01,6.967
5c254cf064b33bac22c66fa3,2019-02-19 12:31:12,53.3815689086914,-1.48397052288055,2019-02-19 15:11:01,7.713
5c254cf064b33bac22c66fa3,2019-02-19 12:32:34,53.3820152282715,-1.48466062545776,2019-02-19 15:11:01,23.71
5c254cf064b33bac22c66fa3,2019-02-19 12:32:55,53.382080078125,-1.48339605331421,2019-02-19 15:11:01,135.6
5c254cf064b33bac22c66fa3,2019-02-19 12:33:16,53.3818168640137,-1.48563385009766,2019-02-19 15:11:01,72.9
5c254cf064b33bac22c66fa3,2019-02-19 12:34:26,53.3811302185059,-1.48729372024536,2019-02-19 15:11:01,91.7
5c254cf064b33bac22c66fa3,2019-02-19 12:34:58,53.3813018798828,-1.48751211166382,2019-02-19 15:11:01,43.866
5c254cf064b33bac22c66fa3,2019-02-19 12:35:59,53.380729675293,-1.48788952827454,2019-02-19 15:11:01,17.06
5c254cf064b33bac22c66fa3,2019-02-19 12:38:08,53.3809204101563,-1.48764443397522,2019-02-19 15:11:01,55.313
5c254cf064b33bac22c66fa3,2019-02-19 12:38:32,53.3811302185059,-1.48823773860931,2019-02-19 15:11:01,68.241
5c254cf064b33bac22c66fa3,2019-02-19 12:39:09,53.3813781738281,-1.48894262313843,2019-02-19 15:11:01,148.161
5c254cf064b33bac22c66fa3,2019-02-19 12:40:50,53.3848533630371,-1.48012912273407,2019-02-19 15:11:01,100
5c254cf064b33bac22c66fa3,2019-02-19 12:41:37,53.3811645507813,-1.48945808410645,2019-02-19 15:11:01,98.4
5c254cf064b33bac22c66fa3,2019-02-19 12:41:57,53.3814659118652,-1.48996067047119,2019-02-19 15:11:01,50.086
5c254cf064b33bac22c66fa3,2019-02-19 12:42:18,53.3814086914063,-1.48984348773956,2019-02-19 15:11:01,50.031
5c254cf064b33bac22c66fa3,2019-02-19 12:43:20,53.3821029663086,-1.48897504806519,2019-02-19 15:11:01,34.502
5c254cf064b33bac22c66fa3,2019-02-19 12:43:40,53.3828964233399,-1.48923146724701,2019-02-19 15:11:01,30.115
5c254cf064b33bac22c66fa3,2019-02-19 12:44:21,53.3830375671387,-1.48960304260254,2019-02-19 15:11:01,17.039
5c254cf064b33bac22c66fa3,2019-02-19 12:44:54,53.3835639953613,-1.48927533626556,2019-02-19 15:11:01,15.826
5c254cf064b33bac22c66fa3,2019-02-19 12:45:23,53.3837051391602,-1.48937630653381,2019-02-19 15:11:01,60
5c254cf064b33bac22c66fa3,2019-02-19 12:46:23,53.3837966918945,-1.48936235904694,2019-02-19 15:11:01,154.227
5c254cf064b33bac22c66fa3,2019-02-19 12:47:25,53.385009765625,-1.49313223361969,2019-02-19 15:11:01,92.9
5c254cf064b33bac22c66fa3,2019-02-19 12:48:25,53.3847923278809,-1.49316239356995,2019-02-19 15:11:01,32.813
5c254cf064b33bac22c66fa3,2019-02-19 12:48:45,53.3852386474609,-1.49323284626007,2019-02-19 15:11:01,28.255
5c254cf064b33bac22c66fa3,2019-02-19 12:49:05,53.3854179382324,-1.49333715438843,2019-02-19 15:11:01,15.293
5c254cf064b33bac22c66fa3,2019-02-19 12:49:27,53.3854598999023,-1.49365055561066,2019-02-19 15:11:01,31.897
5c254cf064b33bac22c66fa3,2019-02-19 12:49:47,53.3854446411133,-1.49406349658966,2019-02-19 15:11:01,38.637
5c254cf064b33bac22c66fa3,2019-02-19 12:50:07,53.3855476379395,-1.49415600299835,2019-02-19 15:11:01,30.408
5c254cf064b33bac22c66fa3,2019-02-19 12:50:28,53.3856735229492,-1.49479293823242,2019-02-19 15:11:01,35.897
5c254cf064b33bac22c66fa3,2019-02-19 12:50:48,53.386043548584,-1.49495255947113,2019-02-19 15:11:01,35.609
5c254cf064b33bac22c66fa3,2019-02-19 12:51:08,53.3862533569336,-1.495037317276,2019-02-19 15:11:01,28.278
5c254cf064b33bac22c66fa3,2019-02-19 12:51:30,53.3863258361816,-1.4958211183548,2019-02-19 15:11:01,24.119
5c254cf064b33bac22c66fa3,2019-02-19 12:51:51,53.3861541748047,-1.49612379074097,2019-02-19 15:11:01,17.256
5c254cf064b33bac22c66fa3,2019-02-19 12:52:12,53.3860511779785,-1.49630165100098,2019-02-19 15:11:01,22.982
5c254cf064b33bac22c66fa3,2019-02-19 12:52:34,53.3857269287109,-1.49645388126373,2019-02-19 15:11:01,17.46
5c254cf064b33bac22c66fa3,2019-02-19 12:52:54,53.3855323791504,-1.49682867527008,2019-02-19 15:11:01,15.456
5c254cf064b33bac22c66fa3,2019-02-19 12:53:15,53.3852424621582,-1.49731302261353,2019-02-19 15:11:01,26.791
5c254cf064b33bac22c66fa3,2019-02-19 12:53:37,53.3849258422852,-1.49760437011719,2019-02-19 15:11:01,16.062
5c254cf064b33bac22c66fa3,2019-02-19 12:53:58,53.3847160339356,-1.49781608581543,2019-02-19 15:11:01,29.347
5c254cf064b33bac22c66fa3,2019-02-19 12:54:19,53.3844413757324,-1.49772727489471,2019-02-19 15:11:01,25.954
5c254cf064b33bac22c66fa3,2019-02-19 12:54:41,53.3846817016602,-1.49822437763214,2019-02-19 15:11:01,15.458
5c254cf064b33bac22c66fa3,2019-02-19 15:42:06,53.3849296569824,-1.4975928068161,2019-02-19 22:07:02,24.22
5c254cf064b33bac22c66fa3,2019-02-19 15:42:28,53.3851623535156,-1.49719345569611,2019-02-19 22:07:02,15.239
5c254cf064b33bac22c66fa3,2019-02-19 15:42:48,53.3855400085449,-1.49698138237,2019-02-19 22:07:02,30.62
5c254cf064b33bac22c66fa3,2019-02-19 15:43:10,53.385612487793,-1.49669075012207,2019-02-19 22:07:02,16.626
5c254cf064b33bac22c66fa3,2019-02-19 15:43:32,53.385929107666,-1.49610948562622,2019-02-19 22:07:02,28.08
5c254cf064b33bac22c66fa3,2019-02-19 15:43:53,53.3860740661621,-1.49602353572845,2019-02-19 22:07:02,16.216
5c254cf064b33bac22c66fa3,2019-02-19 15:44:14,53.3862915039063,-1.49588656425476,2019-02-19 22:07:02,16.96
5c254cf064b33bac22c66fa3,2019-02-19 15:44:36,53.3861541748047,-1.49542820453644,2019-02-19 22:07:02,34.266
5c254cf064b33bac22c66fa3,2019-02-19 15:44:57,53.3859825134277,-1.49505198001862,2019-02-19 22:07:02,26.979
5c254cf064b33bac22c66fa3,2019-02-19 15:45:19,53.3857955932617,-1.49477756023407,2019-02-19 22:07:02,33.929
5c254cf064b33bac22c66fa3,2019-02-19 15:45:41,53.3855438232422,-1.49426555633545,2019-02-19 22:07:02,32.442
5c254cf064b33bac22c66fa3,2019-02-19 15:46:02,53.3853569030762,-1.49450039863586,2019-02-19 22:07:02,30.692
5c254cf064b33bac22c66fa3,2019-02-19 15:46:23,53.3854370117188,-1.49374496936798,2019-02-19 22:07:02,31.759
5c254cf064b33bac22c66fa3,2019-02-19 15:46:45,53.3853149414063,-1.49328660964966,2019-02-19 22:07:02,15.23
5c254cf064b33bac22c66fa3,2019-02-19 15:47:06,53.3849334716797,-1.49314546585083,2019-02-19 22:07:02,28.521
5c254cf064b33bac22c66fa3,2019-02-19 15:47:26,53.3848876953125,-1.49314677715302,2019-02-19 22:07:02,31.634
5c254cf064b33bac22c66fa3,2019-02-19 15:47:50,53.3851661682129,-1.49315631389618,2019-02-19 22:07:02,156.9
5c254cf064b33bac22c66fa3,2019-02-19 15:48:52,53.3841361999512,-1.49459481239319,2019-02-19 22:07:02,128.9
5c254cf064b33bac22c66fa3,2019-02-19 15:49:35,53.3837051391602,-1.48937630653381,2019-02-19 22:07:02,98.4
5c254cf064b33bac22c66fa3,2019-02-19 15:49:57,53.3837966918945,-1.48936235904694,2019-02-19 22:07:02,64.099
5c254cf064b33bac22c66fa3,2019-02-19 15:50:38,53.3835067749024,-1.48884117603302,2019-02-19 22:07:02,30.368
5c254cf064b33bac22c66fa3,2019-02-19 15:51:00,53.3834037780762,-1.48894345760345,2019-02-19 22:07:02,27.374
5c254cf064b33bac22c66fa3,2019-02-19 15:51:21,53.383228302002,-1.48869967460632,2019-02-19 22:07:02,16.306
5c254cf064b33bac22c66fa3,2019-02-19 15:51:42,53.3834800720215,-1.48828506469727,2019-02-19 22:07:02,59.181
5c254cf064b33bac22c66fa3,2019-02-19 15:52:04,53.3833160400391,-1.48703813552856,2019-02-19 22:07:02,28.56
5c254cf064b33bac22c66fa3,2019-02-19 15:53:08,53.3829879760742,-1.48688173294067,2019-02-19 22:07:02,110
5c254cf064b33bac22c66fa3,2019-02-19 15:53:29,53.3826026916504,-1.48597407341003,2019-02-19 22:07:02,50.102
5c254cf064b33bac22c66fa3,2019-02-19 15:54:11,53.382511138916,-1.48479127883911,2019-02-19 22:07:02,116.1
5c254cf064b33bac22c66fa3,2019-02-19 15:54:53,53.3823966979981,-1.48387980461121,2019-02-19 22:07:02,116.1
5c254cf064b33bac22c66fa3,2019-02-19 15:55:18,53.3825645446777,-1.48416435718536,2019-02-19 22:07:02,36.985
5c254cf064b33bac22c66fa3,2019-02-19 15:55:38,53.3823127746582,-1.48416125774384,2019-02-19 22:07:02,33.393
5c254cf064b33bac22c66fa3,2019-02-19 15:56:01,53.3823966979981,-1.48360025882721,2019-02-19 22:07:02,29.828
5c254cf064b33bac22c66fa3,2019-02-19 15:56:24,53.3822860717774,-1.48346841335297,2019-02-19 22:07:02,34.311
5c254cf064b33bac22c66fa3,2019-02-19 15:56:45,53.382194519043,-1.48325407505035,2019-02-19 22:07:02,31.59
5c254cf064b33bac22c66fa3,2019-02-19 15:57:06,53.3818321228027,-1.48338949680328,2019-02-19 22:07:02,31.5
5c254cf064b33bac22c66fa3,2019-02-19 15:57:29,53.3818817138672,-1.48298490047455,2019-02-19 22:07:02,30.621
5c254cf064b33bac22c66fa3,2019-02-19 15:57:53,53.3816642761231,-1.48259210586548,2019-02-19 22:07:02,15.075
5c254cf064b33bac22c66fa3,2019-02-19 15:58:55,53.381778717041,-1.481605052948,2019-02-19 22:07:02,82.5
5c254cf064b33bac22c66fa3,2019-02-19 15:59:55,53.3818016052246,-1.48190665245056,2019-02-19 22:07:02,14.713
5c254cf064b33bac22c66fa3,2019-02-19 16:52:08,53.3890380859375,-1.48538196086884,2019-02-19 22:07:02,1040
5c254cf064b33bac22c66fa3,2019-02-19 16:52:51,53.3817825317383,-1.4818229675293,2019-02-19 22:07:02,17.062
5c254cf064b33bac22c66fa3,2019-02-19 16:53:29,53.3817481994629,-1.48202097415924,2019-02-19 22:07:02,14.789
5c254cf064b33bac22c66fa3,2019-02-19 16:54:14,53.3817939758301,-1.48205804824829,2019-02-19 22:07:02,15.053
5c254cf064b33bac22c66fa3,2019-02-19 16:54:34,53.3817749023438,-1.48234045505524,2019-02-19 22:07:02,60
5c254cf064b33bac22c66fa3,2019-02-19 16:54:55,53.381763458252,-1.48220241069794,2019-02-19 22:07:02,30.452
5c254cf064b33bac22c66fa3,2019-02-19 17:57:26,53.3817138671875,-1.48188841342926,2019-02-19 22:07:02,14.96
5c254cf064b33bac22c66fa3,2019-02-19 17:58:06,53.3818397521973,-1.48172545433044,2019-02-19 22:07:02,29.785
5c254cf064b33bac22c66fa3,2019-02-19 17:59:49,53.3812484741211,-1.48302125930786,2019-02-19 22:07:02,600
5c254cf064b33bac22c66fa3,2019-02-19 18:00:10,53.3813400268555,-1.48116767406464,2019-02-19 22:07:02,31.347
5c254cf064b33bac22c66fa3,2019-02-19 18:00:51,53.3807487487793,-1.48087358474731,2019-02-19 22:07:02,29.584
5c254cf064b33bac22c66fa3,2019-02-19 18:01:13,53.3805809020996,-1.48091089725494,2019-02-19 22:07:02,17.839
5c254cf064b33bac22c66fa3,2019-02-19 18:01:32,53.3803749084473,-1.48077595233917,2019-02-19 22:07:02,16.532
5c254cf064b33bac22c66fa3,2019-02-19 18:02:13,53.380012512207,-1.48046767711639,2019-02-19 22:07:02,42.461
5c254cf064b33bac22c66fa3,2019-02-19 18:03:17,53.380054473877,-1.47908806800842,2019-02-19 22:07:02,34.318
5c254cf064b33bac22c66fa3,2019-02-19 18:10:52,53.3800888061523,-1.47954559326172,2019-02-19 22:07:02,28.75
5c254cf064b33bac22c66fa3,2019-02-19 18:11:08,53.3802680969238,-1.47991359233856,2019-02-19 22:07:02,9.015
5c254cf064b33bac22c66fa3,2019-02-19 18:11:23,53.3801460266113,-1.48031485080719,2019-02-19 22:07:02,6.584
5c254cf064b33bac22c66fa3,2019-02-19 18:11:39,53.3801155090332,-1.48060715198517,2019-02-19 22:07:02,7.098
5c254cf064b33bac22c66fa3,2019-02-19 18:11:55,53.3801116943359,-1.48096227645874,2019-02-19 22:07:02,7.088
5c254cf064b33bac22c66fa3,2019-02-19 18:12:10,53.3801231384277,-1.4813324213028,2019-02-19 22:07:02,7.119
5c254cf064b33bac22c66fa3,2019-02-19 18:12:26,53.3801345825195,-1.48164892196655,2019-02-19 22:07:02,7.436
5c254cf064b33bac22c66fa3,2019-02-19 18:12:41,53.3801765441895,-1.48198342323303,2019-02-19 22:07:02,7.262
5c254cf064b33bac22c66fa3,2019-02-19 18:12:56,53.3800888061523,-1.48229837417603,2019-02-19 22:07:02,6.728
5c254cf064b33bac22c66fa3,2019-02-19 18:13:12,53.3800964355469,-1.48255276679993,2019-02-19 22:07:02,7.433
5c254cf064b33bac22c66fa3,2019-02-19 18:13:38,53.3799285888672,-1.48257088661194,2019-02-19 22:07:02,28.494
5c254cf064b33bac22c66fa3,2019-02-19 18:19:42,53.3800659179687,-1.48250758647919,2019-02-19 22:07:02,31.087
5c254cf064b33bac22c66fa3,2019-02-19 18:20:07,53.3800506591797,-1.48243057727814,2019-02-19 22:07:02,27.488
5c254cf064b33bac22c66fa3,2019-02-19 18:20:49,53.3800201416016,-1.48232364654541,2019-02-19 22:07:02,26.734
5c254cf064b33bac22c66fa3,2019-02-19 18:25:51,53.3829307556152,-1.48351573944092,2019-02-19 22:07:02,699.999
5c254cf064b33bac22c66fa3,2019-02-19 18:26:19,53.3843193054199,-1.48801469802856,2019-02-19 22:07:02,172.1
5c254cf064b33bac22c66fa3,2019-02-19 18:26:40,53.3834648132324,-1.48879730701447,2019-02-19 22:07:02,135.6
5c254cf064b33bac22c66fa3,2019-02-19 18:27:05,53.3848838806152,-1.48927044868469,2019-02-19 22:07:02,600
5c254cf064b33bac22c66fa3,2019-02-19 18:27:26,53.3848991394043,-1.48806059360504,2019-02-19 22:07:02,899.999
5c254cf064b33bac22c66fa3,2019-02-19 18:27:47,53.385498046875,-1.49381446838379,2019-02-19 22:07:02,29.843
5c254cf064b33bac22c66fa3,2019-02-19 18:28:09,53.3857345581055,-1.49490964412689,2019-02-19 22:07:02,30.401
5c254cf064b33bac22c66fa3,2019-02-19 18:28:30,53.3856163024902,-1.49451315402985,2019-02-19 22:07:02,34.592
5c254cf064b33bac22c66fa3,2019-02-19 18:28:51,53.3857421875,-1.4944372177124,2019-02-19 22:07:02,43.713
5c254cf064b33bac22c66fa3,2019-02-19 18:31:01,53.3857078552246,-1.49438691139221,2019-02-19 22:07:02,32.949
5c254cf064b33bac22c66fa3,2019-02-19 18:32:01,53.3861389160156,-1.49524259567261,2019-02-19 22:07:02,45.956
5c254cf064b33bac22c66fa3,2019-02-19 18:32:24,53.386173248291,-1.49499344825745,2019-02-19 22:07:02,28.776
5c254cf064b33bac22c66fa3,2019-02-19 18:32:44,53.3862495422363,-1.4954571723938,2019-02-19 22:07:02,36.252
5c254cf064b33bac22c66fa3,2019-02-19 18:33:05,53.3862190246582,-1.4958713054657,2019-02-19 22:07:02,30.08
5c254cf064b33bac22c66fa3,2019-02-19 18:33:26,53.3860473632813,-1.49622094631195,2019-02-19 22:07:02,16.652
5c254cf064b33bac22c66fa3,2019-02-19 18:33:46,53.3858184814453,-1.49646282196045,2019-02-19 22:07:02,24.605
5c254cf064b33bac22c66fa3,2019-02-19 18:34:08,53.3854217529297,-1.49687826633453,2019-02-19 22:07:02,29.709
5c254cf064b33bac22c66fa3,2019-02-19 18:34:30,53.3853416442871,-1.49734580516815,2019-02-19 22:07:02,17.701
5c254cf064b33bac22c66fa3,2019-02-19 18:34:51,53.3850936889648,-1.49764657020569,2019-02-19 22:07:02,17.826
5c254cf064b33bac22c66fa3,2019-02-19 18:35:12,53.3846969604492,-1.49775767326355,2019-02-19 22:07:02,27.987
5c254cf064b33bac22c66fa3,2019-02-19 18:35:34,53.3844528198242,-1.49772226810455,2019-02-19 22:07:02,17.553
5c254cf064b33bac22c66fa3,2019-02-19 18:35:55,53.3846740722656,-1.49823653697968,2019-02-19 22:07:02,16.236
5c254cf064b33bac22c66fa3,2019-02-20 17:05:10,53.3834037780762,-1.49968194961548,2019-02-20 22:19:44,699.999
5c254cf064b33bac22c66fa3,2019-02-20 17:05:30,53.3859748840332,-1.48287355899811,2019-02-20 22:19:44,1100
5c254cf064b33bac22c66fa3,2019-02-20 17:05:52,53.3851165771484,-1.49740982055664,2019-02-20 22:19:44,30.689
5c254cf064b33bac22c66fa3,2019-02-20 17:06:12,53.3852081298828,-1.49730932712555,2019-02-20 22:19:44,16.074
5c254cf064b33bac22c66fa3,2019-02-20 17:06:32,53.3855133056641,-1.49678027629852,2019-02-20 22:19:44,16.934
5c254cf064b33bac22c66fa3,2019-02-20 17:06:52,53.3856620788574,-1.49662971496582,2019-02-20 22:19:44,25.637
5c254cf064b33bac22c66fa3,2019-02-20 17:07:12,53.3860626220703,-1.49624454975128,2019-02-20 22:19:44,16.193
5c254cf064b33bac22c66fa3,2019-02-20 17:07:32,53.3860778808594,-1.49596965312958,2019-02-20 22:19:44,16.225
5c254cf064b33bac22c66fa3,2019-02-20 17:07:52,53.3861846923828,-1.49585700035095,2019-02-20 22:19:44,17.983
5c254cf064b33bac22c66fa3,2019-02-20 17:08:13,53.3861465454102,-1.49542915821075,2019-02-20 22:19:44,34.404
5c254cf064b33bac22c66fa3,2019-02-20 17:08:33,53.3860244750977,-1.4949905872345,2019-02-20 22:19:44,23.058
5c254cf064b33bac22c66fa3,2019-02-20 17:08:53,53.3858451843262,-1.49496829509735,2019-02-20 22:19:44,27.597
5c254cf064b33bac22c66fa3,2019-02-20 17:09:13,53.3858032226563,-1.49478495121002,2019-02-20 22:19:44,47.929
5c254cf064b33bac22c66fa3,2019-02-20 17:09:33,53.3858871459961,-1.4945193529129,2019-02-20 22:19:44,14.953
5c254cf064b33bac22c66fa3,2019-02-20 17:09:54,53.3857154846191,-1.4944623708725,2019-02-20 22:19:44,38.139
5c254cf064b33bac22c66fa3,2019-02-20 17:10:14,53.385871887207,-1.49451994895935,2019-02-20 22:19:44,14.578
5c254cf064b33bac22c66fa3,2019-02-20 17:10:34,53.3858222961426,-1.49459052085876,2019-02-20 22:19:44,16.863
5c254cf064b33bac22c66fa3,2019-02-20 17:10:54,53.3858337402344,-1.49451649188995,2019-02-20 22:19:44,28.606
5c254cf064b33bac22c66fa3,2019-02-20 17:12:37,53.385871887207,-1.49492347240448,2019-02-20 22:19:44,16.85
5c254cf064b33bac22c66fa3,2019-02-20 17:12:57,53.3860816955566,-1.49505186080933,2019-02-20 22:19:44,22.286
5c254cf064b33bac22c66fa3,2019-02-20 17:13:18,53.3861503601074,-1.49537682533264,2019-02-20 22:19:44,23.357
5c254cf064b33bac22c66fa3,2019-02-20 17:16:39,53.3862609863281,-1.49583971500397,2019-02-20 22:19:44,23.638
5c254cf064b33bac22c66fa3,2019-02-20 17:16:59,53.3861694335937,-1.49603092670441,2019-02-20 22:19:44,17.026
5c254cf064b33bac22c66fa3,2019-02-20 17:17:19,53.385986328125,-1.49618995189667,2019-02-20 22:19:44,16.648
5c254cf064b33bac22c66fa3,2019-02-20 17:17:39,53.3857498168945,-1.49659729003906,2019-02-20 22:19:44,15.337
5c254cf064b33bac22c66fa3,2019-02-20 17:18:00,53.3855323791504,-1.49678218364716,2019-02-20 22:19:44,16.441
5c254cf064b33bac22c66fa3,2019-02-20 17:18:20,53.3853073120117,-1.49724972248077,2019-02-20 22:19:44,15.877
5c254cf064b33bac22c66fa3,2019-02-20 17:18:40,53.3851089477539,-1.49737751483917,2019-02-20 22:19:44,16.535
5c254cf064b33bac22c66fa3,2019-02-20 17:19:01,53.3848381042481,-1.49772667884827,2019-02-20 22:19:44,15.249
5c254cf064b33bac22c66fa3,2019-02-20 17:19:21,53.3845977783203,-1.49780404567719,2019-02-20 22:19:44,25.585
5c254cf064b33bac22c66fa3,2019-02-20 17:19:41,53.3846855163574,-1.49794542789459,2019-02-20 22:19:44,22.694
5c254cf064b33bac22c66fa3,2019-02-20 17:20:04,53.3846778869629,-1.49823951721191,2019-02-20 22:19:44,14.741
5c254cf064b33bac22c66fa3,2019-02-20 19:41:59,53.3846321105957,-1.49830222129822,2019-02-20 22:19:44,59
5c254cf064b33bac22c66fa3,2019-02-20 19:48:59,53.3846855163574,-1.49822854995728,2019-02-20 22:19:44,15.371
5c254cf064b33bac22c66fa3,2019-02-21 13:32:41,53.3847274780274,-1.49816393852234,2019-02-22 01:14:15,24.878
5c254cf064b33bac22c66fa3,2019-02-21 13:33:01,53.3846702575684,-1.49828040599823,2019-02-22 01:14:15,15.223
5c254cf064b33bac22c66fa3,2019-02-21 16:41:34,53.384578704834,-1.49781250953674,2019-02-22 01:14:15,25.624
5c254cf064b33bac22c66fa3,2019-02-21 16:41:54,53.3849678039551,-1.49727284908295,2019-02-22 01:14:15,24.111
5c254cf064b33bac22c66fa3,2019-02-21 16:42:15,53.3853302001953,-1.49740242958069,2019-02-22 01:14:15,28.736
5c254cf064b33bac22c66fa3,2019-02-21 16:42:36,53.3853530883789,-1.49723696708679,2019-02-22 01:14:15,16.829
5c254cf064b33bac22c66fa3,2019-02-21 16:42:55,53.3855743408203,-1.49675452709198,2019-02-22 01:14:15,17.552
5c254cf064b33bac22c66fa3,2019-02-21 16:43:16,53.3858070373535,-1.4964348077774,2019-02-22 01:14:15,23.198
5c254cf064b33bac22c66fa3,2019-02-21 16:43:36,53.3860130310059,-1.4961611032486,2019-02-22 01:14:15,15.222
5c254cf064b33bac22c66fa3,2019-02-21 16:43:56,53.3861312866211,-1.4959841966629,2019-02-22 01:14:15,15.28
5c254cf064b33bac22c66fa3,2019-02-21 16:44:17,53.3864059448242,-1.49535369873047,2019-02-22 01:14:15,22.439
5c254cf064b33bac22c66fa3,2019-02-21 16:44:37,53.3861045837402,-1.49519145488739,2019-02-22 01:14:15,16.361
5c254cf064b33bac22c66fa3,2019-02-21 16:44:57,53.3858299255371,-1.49465072154999,2019-02-22 01:14:15,26.901
5c254cf064b33bac22c66fa3,2019-02-21 16:45:19,53.3857498168945,-1.49454152584076,2019-02-22 01:14:15,17.138
5c254cf064b33bac22c66fa3,2019-02-21 16:45:39,53.3853874206543,-1.4942022562027,2019-02-22 01:14:15,30.181
5c254cf064b33bac22c66fa3,2019-02-21 16:45:59,53.385311126709,-1.49415445327759,2019-02-22 01:14:15,32.09
5c254cf064b33bac22c66fa3,2019-02-21 16:46:49,53.3851585388184,-1.49374628067017,2019-02-22 01:14:15,33.782
5c254cf064b33bac22c66fa3,2019-02-21 16:47:09,53.3854217529297,-1.49336647987366,2019-02-22 01:14:15,28.972
5c254cf064b33bac22c66fa3,2019-02-21 16:47:30,53.3851432800293,-1.49305737018585,2019-02-22 01:14:15,35.864
5c254cf064b33bac22c66fa3,2019-02-21 16:47:52,53.3849754333496,-1.49332249164581,2019-02-22 01:14:15,135.6
5c254cf064b33bac22c66fa3,2019-02-21 16:48:53,53.3851661682129,-1.49315631389618,2019-02-22 01:14:15,122.4
5c254cf064b33bac22c66fa3,2019-02-21 16:50:14,53.3837051391602,-1.48937630653381,2019-02-22 01:14:15,56.1
5c254cf064b33bac22c66fa3,2019-02-21 16:51:16,53.3832969665527,-1.48858845233917,2019-02-22 01:14:15,28.829
5c254cf064b33bac22c66fa3,2019-02-21 16:51:36,53.3833465576172,-1.48850071430206,2019-02-22 01:14:15,28.518
5c254cf064b33bac22c66fa3,2019-02-21 16:51:56,53.3834075927734,-1.48849165439606,2019-02-22 01:14:15,56.1
5c254cf064b33bac22c66fa3,2019-02-21 16:52:38,53.3831214904785,-1.48747217655182,2019-02-22 01:14:15,18.512
5c254cf064b33bac22c66fa3,2019-02-21 16:53:20,53.3831062316895,-1.4872419834137,2019-02-22 01:14:15,75.988
5c254cf064b33bac22c66fa3,2019-02-21 16:53:57,53.3830909729004,-1.48655641078949,2019-02-22 01:14:15,197.876
5c254cf064b33bac22c66fa3,2019-02-21 16:54:39,53.382511138916,-1.48479127883911,2019-02-22 01:14:15,47.465
5c254cf064b33bac22c66fa3,2019-02-21 16:55:19,53.3823966979981,-1.48387980461121,2019-02-22 01:14:15,116.1
5c254cf064b33bac22c66fa3,2019-02-21 16:55:40,53.38232421875,-1.48371851444244,2019-02-22 01:14:15,44.619
5c254cf064b33bac22c66fa3,2019-02-21 16:56:00,53.3824081420898,-1.48352015018463,2019-02-22 01:14:15,28.406
5c254cf064b33bac22c66fa3,2019-02-21 16:56:20,53.3821334838867,-1.48347592353821,2019-02-22 01:14:15,28.71
5c254cf064b33bac22c66fa3,2019-02-21 16:57:01,53.3821525573731,-1.48326098918915,2019-02-22 01:14:15,59.109
5c254cf064b33bac22c66fa3,2019-02-21 16:57:27,53.3819198608398,-1.48311674594879,2019-02-22 01:14:15,16.862
5c254cf064b33bac22c66fa3,2019-02-21 16:57:47,53.3816413879395,-1.48271894454956,2019-02-22 01:14:15,16.598
5c254cf064b33bac22c66fa3,2019-02-21 16:58:07,53.3816986083984,-1.4825850725174,2019-02-22 01:14:15,15.057
5c254cf064b33bac22c66fa3,2019-02-21 16:58:27,53.3817253112793,-1.48246169090271,2019-02-22 01:14:15,23.69
5c254cf064b33bac22c66fa3,2019-02-21 16:58:47,53.3817024230957,-1.48172438144684,2019-02-22 01:14:15,60
5c254cf064b33bac22c66fa3,2019-02-21 17:55:21,53.3815422058106,-1.48127484321594,2019-02-22 01:14:15,100
5c254cf064b33bac22c66fa3,2019-02-21 17:55:41,53.3816719055176,-1.48256850242615,2019-02-22 01:14:15,26.508
5c254cf064b33bac22c66fa3,2019-02-21 17:56:21,53.3818054199219,-1.48298609256744,2019-02-22 01:14:15,36.437
5c254cf064b33bac22c66fa3,2019-02-21 17:56:43,53.3820190429688,-1.48255825042725,2019-02-22 01:14:15,34.161
5c254cf064b33bac22c66fa3,2019-02-21 17:57:22,53.3820686340332,-1.4824560880661,2019-02-22 01:14:15,92.334
5c254cf064b33bac22c66fa3,2019-02-21 17:57:43,53.3812599182129,-1.48221504688263,2019-02-22 01:14:15,699.999
5c254cf064b33bac22c66fa3,2019-02-21 17:58:04,53.3820686340332,-1.4824560880661,2019-02-22 01:14:15,98.4
5c254cf064b33bac22c66fa3,2019-02-21 17:58:23,53.3821411132813,-1.48249578475952,2019-02-22 01:14:15,28.378
5c254cf064b33bac22c66fa3,2019-02-21 17:58:44,53.3820266723633,-1.48246955871582,2019-02-22 01:14:15,57.952
5c254cf064b33bac22c66fa3,2019-02-21 17:59:19,53.3822021484375,-1.48273968696594,2019-02-22 01:14:15,25.572
5c254cf064b33bac22c66fa3,2019-02-21 17:59:40,53.3821563720703,-1.48270392417908,2019-02-22 01:14:15,59.497
5c254cf064b33bac22c66fa3,2019-02-21 18:04:22,53.3820343017578,-1.4833128452301,2019-02-22 01:14:15,16.498
5c254cf064b33bac22c66fa3,2019-02-21 18:04:46,53.3822784423828,-1.48341262340546,2019-02-22 01:14:15,25.737
5c254cf064b33bac22c66fa3,2019-02-21 18:05:24,53.3823966979981,-1.48387980461121,2019-02-22 01:14:15,98.4
5c254cf064b33bac22c66fa3,2019-02-21 18:06:41,53.3825454711914,-1.48470401763916,2019-02-22 01:14:15,16.219
5c254cf064b33bac22c66fa3,2019-02-21 18:07:01,53.3824577331543,-1.48480808734894,2019-02-22 01:14:15,28.874
5c254cf064b33bac22c66fa3,2019-02-21 18:07:43,53.3825874328613,-1.48500573635101,2019-02-22 01:14:15,87.437
5c254cf064b33bac22c66fa3,2019-02-21 18:08:23,53.3829879760742,-1.48627579212189,2019-02-22 01:14:15,37.381
5c254cf064b33bac22c66fa3,2019-02-21 18:08:44,53.3829307556152,-1.48685073852539,2019-02-22 01:14:15,31.315
5c254cf064b33bac22c66fa3,2019-02-21 18:09:04,53.383243560791,-1.4873161315918,2019-02-22 01:14:15,15.949
5c254cf064b33bac22c66fa3,2019-02-21 18:09:24,53.3831977844238,-1.48897504806519,2019-02-22 01:14:15,104.1
5c254cf064b33bac22c66fa3,2019-02-21 18:10:05,53.3834648132324,-1.48879730701447,2019-02-22 01:14:15,104.1
5c254cf064b33bac22c66fa3,2019-02-21 18:11:06,53.3837051391602,-1.48937630653381,2019-02-22 01:14:15,92.9
5c254cf064b33bac22c66fa3,2019-02-21 18:12:49,53.3851661682129,-1.49315631389618,2019-02-22 01:14:15,142.5
5c254cf064b33bac22c66fa3,2019-02-21 18:13:29,53.3852653503418,-1.49318242073059,2019-02-22 01:14:15,110
5c254cf064b33bac22c66fa3,2019-02-21 18:13:50,53.3851661682129,-1.49315631389618,2019-02-22 01:14:15,92.9
5c254cf064b33bac22c66fa3,2019-02-21 18:14:09,53.3853988647461,-1.49306511878967,2019-02-22 01:14:15,29.836
5c254cf064b33bac22c66fa3,2019-02-21 18:14:29,53.3853912353516,-1.49339246749878,2019-02-22 01:14:15,23.976
5c254cf064b33bac22c66fa3,2019-02-21 18:14:51,53.3852920532227,-1.49360930919647,2019-02-22 01:14:15,15.176
5c254cf064b33bac22c66fa3,2019-02-21 18:15:11,53.385368347168,-1.49411725997925,2019-02-22 01:14:15,17.682
5c254cf064b33bac22c66fa3,2019-02-21 18:15:31,53.385555267334,-1.49422216415405,2019-02-22 01:14:15,16.854
5c254cf064b33bac22c66fa3,2019-02-21 18:15:52,53.3857803344727,-1.49483811855316,2019-02-22 01:14:15,28.928
5c254cf064b33bac22c66fa3,2019-02-21 18:16:12,53.3860931396484,-1.49486434459686,2019-02-22 01:14:15,29.287
5c254cf064b33bac22c66fa3,2019-02-21 18:16:32,53.3860244750977,-1.49512255191803,2019-02-22 01:14:15,16.229
5c254cf064b33bac22c66fa3,2019-02-21 18:16:53,53.3862457275391,-1.49534106254578,2019-02-22 01:14:15,15.381
5c254cf064b33bac22c66fa3,2019-02-21 18:17:13,53.3862457275391,-1.49570763111115,2019-02-22 01:14:15,15.194
5c254cf064b33bac22c66fa3,2019-02-21 18:17:33,53.3860626220703,-1.49612307548523,2019-02-22 01:14:15,15.226
5c254cf064b33bac22c66fa3,2019-02-21 18:17:56,53.3858947753906,-1.49632275104523,2019-02-22 01:14:15,16.088
5c254cf064b33bac22c66fa3,2019-02-21 18:18:14,53.3856925964355,-1.4966242313385,2019-02-22 01:14:15,22.655
5c254cf064b33bac22c66fa3,2019-02-21 18:18:34,53.3854560852051,-1.49689245223999,2019-02-22 01:14:15,15.947
5c254cf064b33bac22c66fa3,2019-02-21 18:18:56,53.3852195739746,-1.4972677230835,2019-02-22 01:14:15,15.168
5c254cf064b33bac22c66fa3,2019-02-21 18:19:15,53.3851089477539,-1.49743354320526,2019-02-22 01:14:15,23.281
5c254cf064b33bac22c66fa3,2019-02-21 18:19:35,53.3847961425781,-1.49774694442749,2019-02-22 01:14:15,24.906
5c254cf064b33bac22c66fa3,2019-02-21 18:19:56,53.3844795227051,-1.49777793884277,2019-02-22 01:14:15,16.885
5c254cf064b33bac22c66fa3,2019-02-21 18:20:16,53.3846664428711,-1.49794209003449,2019-02-22 01:14:15,27.421
5c254cf064b33bac22c66fa3,2019-02-21 18:20:37,53.3846817016602,-1.49825406074524,2019-02-22 01:14:15,14.853
5c254cf064b33bac22c66fa3,2019-02-22 11:41:58,53.3846588134766,-1.49830901622772,2019-02-23 00:50:43,24.259
5c254cf064b33bac22c66fa3,2019-02-22 11:43:32,53.3846626281738,-1.49792563915253,2019-02-23 00:50:43,22.546
5c254cf064b33bac22c66fa3,2019-02-22 11:44:30,53.3852844238281,-1.49730205535889,2019-02-23 00:50:43,23.981
5c254cf064b33bac22c66fa3,2019-02-22 11:44:51,53.3856544494629,-1.4968683719635,2019-02-23 00:50:43,28.289
5c254cf064b33bac22c66fa3,2019-02-22 11:45:11,53.3858451843262,-1.49653375148773,2019-02-23 00:50:43,26.992
5c254cf064b33bac22c66fa3,2019-02-22 11:45:31,53.3860244750977,-1.4961394071579,2019-02-23 00:50:43,15.268
5c254cf064b33bac22c66fa3,2019-02-22 11:45:53,53.3862648010254,-1.49601435661316,2019-02-23 00:50:43,32.831
5c254cf064b33bac22c66fa3,2019-02-22 11:46:13,53.3861541748047,-1.49542224407196,2019-02-23 00:50:43,28.94
5c254cf064b33bac22c66fa3,2019-02-22 11:46:33,53.3861846923828,-1.49494099617004,2019-02-23 00:50:43,36.862
5c254cf064b33bac22c66fa3,2019-02-22 11:46:53,53.3857078552246,-1.4944816827774,2019-02-23 00:50:43,31.866
5c254cf064b33bac22c66fa3,2019-02-22 11:47:13,53.3855247497559,-1.49460589885712,2019-02-23 00:50:43,29.596
5c254cf064b33bac22c66fa3,2019-02-22 11:47:33,53.3852577209473,-1.49399960041046,2019-02-23 00:50:43,30.38
5c254cf064b33bac22c66fa3,2019-02-22 11:47:54,53.3854942321777,-1.49389278888702,2019-02-23 00:50:43,25.242
5c254cf064b33bac22c66fa3,2019-02-22 11:48:26,53.385383605957,-1.49348986148834,2019-02-23 00:50:43,29.69
5c254cf064b33bac22c66fa3,2019-02-22 11:48:49,53.3854103088379,-1.49336886405945,2019-02-23 00:50:43,30.272
5c254cf064b33bac22c66fa3,2019-02-22 11:49:07,53.3849716186523,-1.49334597587585,2019-02-23 00:50:43,29.273
5c254cf064b33bac22c66fa3,2019-02-22 11:49:28,53.3849143981934,-1.49330174922943,2019-02-23 00:50:43,29.287
5c254cf064b33bac22c66fa3,2019-02-22 11:49:49,53.3851661682129,-1.49315631389618,2019-02-23 00:50:43,128.9
5c254cf064b33bac22c66fa3,2019-02-22 11:51:51,53.3837051391602,-1.48937630653381,2019-02-23 00:50:43,87.6
5c254cf064b33bac22c66fa3,2019-02-22 11:52:11,53.3836822509766,-1.48920047283173,2019-02-23 00:50:43,31.206
5c254cf064b33bac22c66fa3,2019-02-22 11:52:54,53.3832969665527,-1.48872601985931,2019-02-23 00:50:43,31.63
5c254cf064b33bac22c66fa3,2019-02-22 11:53:32,53.3832588195801,-1.48867905139923,2019-02-23 00:50:43,86.915
5c254cf064b33bac22c66fa3,2019-02-22 11:54:06,53.3827285766602,-1.48683893680573,2019-02-23 00:50:43,68.69
5c254cf064b33bac22c66fa3,2019-02-22 11:54:53,53.3829154968262,-1.48672044277191,2019-02-23 00:50:43,28.474
5c254cf064b33bac22c66fa3,2019-02-22 11:56:16,53.382511138916,-1.48479127883911,2019-02-23 00:50:43,122.4
5c254cf064b33bac22c66fa3,2019-02-22 11:56:36,53.3823966979981,-1.48387980461121,2019-02-23 00:50:43,116.1
5c254cf064b33bac22c66fa3,2019-02-22 11:57:56,53.3824234008789,-1.48358452320099,2019-02-23 00:50:43,29.199
5c254cf064b33bac22c66fa3,2019-02-22 11:58:15,53.3822441101074,-1.48348104953766,2019-02-23 00:50:43,31.228
5c254cf064b33bac22c66fa3,2019-02-22 11:58:35,53.3818740844727,-1.48331677913666,2019-02-23 00:50:43,31.78
5c254cf064b33bac22c66fa3,2019-02-22 11:58:56,53.3820114135742,-1.48266732692719,2019-02-23 00:50:43,72.314
5c254cf064b33bac22c66fa3,2019-02-22 11:59:36,53.3819999694824,-1.48240900039673,2019-02-23 00:50:43,58.606
5c254cf064b33bac22c66fa3,2019-02-22 11:59:56,53.3819694519043,-1.48272514343262,2019-02-23 00:50:43,77.6
5c254cf064b33bac22c66fa3,2019-02-22 12:00:17,53.3824424743652,-1.48122918605804,2019-02-23 00:50:43,98.4
5c254cf064b33bac22c66fa3,2019-02-22 12:00:44,53.3823776245117,-1.48027908802032,2019-02-23 00:50:43,82.716
5c254cf064b33bac22c66fa3,2019-02-22 12:01:18,53.3826751708984,-1.47885406017303,2019-02-23 00:50:43,75.697
5c254cf064b33bac22c66fa3,2019-02-22 12:01:40,53.3828620910645,-1.4788259267807,2019-02-23 00:50:43,63.859
5c254cf064b33bac22c66fa3,2019-02-22 12:02:00,53.3828010559082,-1.4787837266922,2019-02-23 00:50:43,35.14
5c254cf064b33bac22c66fa3,2019-02-22 12:02:41,53.3833084106445,-1.47845196723938,2019-02-23 00:50:43,15.899
5c254cf064b33bac22c66fa3,2019-02-22 12:03:02,53.3837471008301,-1.47819554805756,2019-02-23 00:50:43,15.801
5c254cf064b33bac22c66fa3,2019-02-22 12:03:23,53.3834457397461,-1.47809767723084,2019-02-23 00:50:43,15.008
5c254cf064b33bac22c66fa3,2019-02-22 12:54:02,53.3863067626953,-1.48329484462738,2019-02-23 00:50:43,1100
5c254cf064b33bac22c66fa3,2019-02-22 12:54:45,53.3827133178711,-1.47814977169037,2019-02-23 00:50:43,28.164
5c254cf064b33bac22c66fa3,2019-02-22 12:55:25,53.3828010559082,-1.4787837266922,2019-02-23 00:50:43,33.185
5c254cf064b33bac22c66fa3,2019-02-22 12:56:07,53.3826141357422,-1.47973358631134,2019-02-23 00:50:43,50.095
5c254cf064b33bac22c66fa3,2019-02-22 12:57:11,53.3824424743652,-1.48122918605804,2019-02-23 00:50:43,98.4
5c254cf064b33bac22c66fa3,2019-02-22 12:58:12,53.3816947937012,-1.48140811920166,2019-02-23 00:50:43,80.338
5c254cf064b33bac22c66fa3,2019-02-22 12:58:33,53.3817710876465,-1.48175919055939,2019-02-23 00:50:43,29.785
5c254cf064b33bac22c66fa3,2019-02-22 12:58:53,53.381420135498,-1.481525182724,2019-02-23 00:50:43,15.332
5c254cf064b33bac22c66fa3,2019-02-22 13:02:50,53.3817100524902,-1.48169565200806,2019-02-23 00:50:43,14.943
5c254cf064b33bac22c66fa3,2019-02-22 13:03:12,53.3817863464356,-1.4816997051239,2019-02-23 00:50:43,68.4
5c254cf064b33bac22c66fa3,2019-02-22 13:06:10,53.3863067626953,-1.48329484462738,2019-02-23 00:50:43,1100
5c254cf064b33bac22c66fa3,2019-02-22 13:06:32,53.3817405700684,-1.48198997974396,2019-02-23 00:50:43,15.093
5c254cf064b33bac22c66fa3,2019-02-22 13:06:53,53.3817443847656,-1.48224151134491,2019-02-23 00:50:43,15.099
5c254cf064b33bac22c66fa3,2019-02-22 13:07:55,53.381778717041,-1.48232245445251,2019-02-23 00:50:43,16.317
5c254cf064b33bac22c66fa3,2019-02-22 13:08:15,53.3817672729492,-1.4822164773941,2019-02-23 00:50:43,17.193
5c254cf064b33bac22c66fa3,2019-02-22 14:10:16,53.3817825317383,-1.48232734203339,2019-02-23 00:50:43,16.592
5c254cf064b33bac22c66fa3,2019-02-22 14:10:37,53.3817520141602,-1.48216378688812,2019-02-23 00:50:43,17.974
5c254cf064b33bac22c66fa3,2019-02-22 14:20:45,53.3817710876465,-1.48225235939026,2019-02-23 00:50:43,26.854
5c254cf064b33bac22c66fa3,2019-02-22 15:14:52,53.3817749023438,-1.48234045505524,2019-02-23 00:50:43,87.6
5c254cf064b33bac22c66fa3,2019-02-22 15:17:03,53.3817710876465,-1.48223578929901,2019-02-23 00:50:43,27.332
5c254cf064b33bac22c66fa3,2019-02-22 15:52:59,53.3817558288574,-1.48189640045166,2019-02-23 00:50:43,15.128
5c254cf064b33bac22c66fa3,2019-02-22 15:53:43,53.3818397521973,-1.48172545433044,2019-02-23 00:50:43,29.54
5c254cf064b33bac22c66fa3,2019-02-22 15:54:21,53.3816757202149,-1.48169994354248,2019-02-23 00:50:43,16.024
5c254cf064b33bac22c66fa3,2019-02-22 15:54:41,53.3816184997559,-1.48172736167908,2019-02-23 00:50:43,15.395
5c254cf064b33bac22c66fa3,2019-02-22 15:55:01,53.3817329406738,-1.48172986507416,2019-02-23 00:50:43,16.029
5c254cf064b33bac22c66fa3,2019-02-22 17:24:43,53.3815765380859,-1.48133945465088,2019-02-23 00:50:43,100
5c254cf064b33bac22c66fa3,2019-02-22 17:24:59,53.3817977905273,-1.4824310541153,2019-02-23 00:50:43,87.6
5c254cf064b33bac22c66fa3,2019-02-22 17:25:23,53.3817291259766,-1.48264026641846,2019-02-23 00:50:43,14.691
5c254cf064b33bac22c66fa3,2019-02-22 17:25:57,53.3817825317383,-1.48267590999603,2019-02-23 00:50:43,6.506
5c254cf064b33bac22c66fa3,2019-02-22 17:26:37,53.3819618225098,-1.48351240158081,2019-02-23 00:50:43,30.322
5c254cf064b33bac22c66fa3,2019-02-22 17:26:57,53.3820610046387,-1.48347795009613,2019-02-23 00:50:43,22.119
5c254cf064b33bac22c66fa3,2019-02-22 17:28:02,53.3823661804199,-1.48342609405518,2019-02-23 00:50:43,27.673
5c254cf064b33bac22c66fa3,2019-02-22 17:29:18,53.3828926086426,-1.48508977890015,2019-02-23 00:50:43,50.104
5c254cf064b33bac22c66fa3,2019-02-22 17:29:59,53.382511138916,-1.48479127883911,2019-02-23 00:50:43,98.4
5c254cf064b33bac22c66fa3,2019-02-22 17:31:00,53.382999420166,-1.48589730262756,2019-02-23 00:50:43,32.58
5c254cf064b33bac22c66fa3,2019-02-22 17:31:19,53.3829154968262,-1.48632991313934,2019-02-23 00:50:43,16.961
5c254cf064b33bac22c66fa3,2019-02-22 17:31:39,53.3829231262207,-1.48679065704346,2019-02-23 00:50:43,32.168
5c254cf064b33bac22c66fa3,2019-02-22 17:32:01,53.3829689025879,-1.48684895038605,2019-02-23 00:50:43,15.404
5c254cf064b33bac22c66fa3,2019-02-22 17:32:41,53.3835220336914,-1.48730766773224,2019-02-23 00:50:43,98.4
5c254cf064b33bac22c66fa3,2019-02-22 17:33:02,53.3835220336914,-1.48762154579163,2019-02-23 00:50:43,72.9
5c254cf064b33bac22c66fa3,2019-02-22 17:33:22,53.3834075927734,-1.48849165439606,2019-02-23 00:50:43,87.6
5c254cf064b33bac22c66fa3,2019-02-22 17:34:43,53.384895324707,-1.48846387863159,2019-02-23 00:50:43,899.999
5c254cf064b33bac22c66fa3,2019-02-22 17:36:06,53.3851661682129,-1.49315631389618,2019-02-23 00:50:43,135.6
5c254cf064b33bac22c66fa3,2019-02-22 17:37:08,53.3852653503418,-1.49318242073059,2019-02-23 00:50:43,110
5c254cf064b33bac22c66fa3,2019-02-22 17:37:27,53.3852653503418,-1.49289739131928,2019-02-23 00:50:43,41.021
5c254cf064b33bac22c66fa3,2019-02-22 17:37:47,53.3854103088379,-1.49293041229248,2019-02-23 00:50:43,23.175
5c254cf064b33bac22c66fa3,2019-02-22 17:38:08,53.3854217529297,-1.49331259727478,2019-02-23 00:50:43,17.371
5c254cf064b33bac22c66fa3,2019-02-22 17:38:28,53.3852500915527,-1.49353742599487,2019-02-23 00:50:43,30.546
5c254cf064b33bac22c66fa3,2019-02-22 17:38:48,53.385498046875,-1.49406564235687,2019-02-23 00:50:43,38.738
5c254cf064b33bac22c66fa3,2019-02-22 17:39:09,53.3856430053711,-1.49446904659271,2019-02-23 00:50:43,15.944
5c254cf064b33bac22c66fa3,2019-02-22 17:39:29,53.3856620788574,-1.49479854106903,2019-02-23 00:50:43,33.612
5c254cf064b33bac22c66fa3,2019-02-22 17:39:49,53.3859519958496,-1.4944132566452,2019-02-23 00:50:43,46.892
5c254cf064b33bac22c66fa3,2019-02-22 17:40:10,53.3858680725098,-1.49453139305115,2019-02-23 00:50:43,42.025
5c254cf064b33bac22c66fa3,2019-02-22 17:41:35,53.3857803344727,-1.49453115463257,2019-02-23 00:50:43,17.59
5c254cf064b33bac22c66fa3,2019-02-22 17:41:55,53.3858261108398,-1.49453866481781,2019-02-23 00:50:43,33.185
5c254cf064b33bac22c66fa3,2019-02-22 17:42:42,53.3861045837402,-1.4948958158493,2019-02-23 00:50:43,32.485
5c254cf064b33bac22c66fa3,2019-02-22 17:43:22,53.3860816955566,-1.49539148807526,2019-02-23 00:50:43,35.349
5c254cf064b33bac22c66fa3,2019-02-22 17:44:02,53.3862113952637,-1.49556350708008,2019-02-23 00:50:43,16.102
5c254cf064b33bac22c66fa3,2019-02-22 17:44:23,53.3861389160156,-1.49541580677032,2019-02-23 00:50:43,15.219
5c254cf064b33bac22c66fa3,2019-02-22 17:46:36,53.3863906860352,-1.49563670158386,2019-02-23 00:50:43,34.907
5c254cf064b33bac22c66fa3,2019-02-22 17:46:56,53.3862724304199,-1.4960036277771,2019-02-23 00:50:43,17.598
5c254cf064b33bac22c66fa3,2019-02-22 17:47:16,53.3860092163086,-1.49612295627594,2019-02-23 00:50:43,16.85
5c254cf064b33bac22c66fa3,2019-02-22 17:47:37,53.3858108520508,-1.49642384052277,2019-02-23 00:50:43,24.605
5c254cf064b33bac22c66fa3,2019-02-22 17:47:57,53.3854637145996,-1.49683678150177,2019-02-23 00:50:43,22.878
5c254cf064b33bac22c66fa3,2019-02-22 17:48:17,53.3853759765625,-1.4972847700119,2019-02-23 00:50:43,26.053
5c254cf064b33bac22c66fa3,2019-02-22 17:48:38,53.3852882385254,-1.49729490280151,2019-02-23 00:50:43,27.545
5c254cf064b33bac22c66fa3,2019-02-22 17:48:59,53.3848381042481,-1.49777936935425,2019-02-23 00:50:43,27.959
5c254cf064b33bac22c66fa3,2019-02-22 17:49:19,53.384693145752,-1.4978883266449,2019-02-23 00:50:43,17.598
5c254cf064b33bac22c66fa3,2019-02-22 17:49:40,53.3847503662109,-1.49798846244812,2019-02-23 00:50:43,24.714
5c254cf064b33bac22c66fa3,2019-02-22 17:50:00,53.3846855163574,-1.49826431274414,2019-02-23 00:50:43,16
5c254cf064b33bac22c66fa3,2019-02-23 13:23:31,53.3846740722656,-1.49788081645966,2019-02-23 23:52:58,18.193
5c254cf064b33bac22c66fa3,2019-02-23 13:23:51,53.3845901489258,-1.49762034416199,2019-02-23 23:52:58,21
5c254cf064b33bac22c66fa3,2019-02-23 13:24:06,53.384880065918,-1.49786984920502,2019-02-23 23:52:58,6.424
5c254cf064b33bac22c66fa3,2019-02-23 13:24:22,53.3850860595703,-1.4977605342865,2019-02-23 23:52:58,6.089
5c254cf064b33bac22c66fa3,2019-02-23 13:24:38,53.3852958679199,-1.49760568141937,2019-02-23 23:52:58,3
5c254cf064b33bac22c66fa3,2019-02-23 13:24:54,53.3854637145996,-1.49757742881775,2019-02-23 23:52:58,4.505
5c254cf064b33bac22c66fa3,2019-02-23 13:25:09,53.385612487793,-1.49756932258606,2019-02-23 23:52:58,4.544
5c254cf064b33bac22c66fa3,2019-02-23 13:25:26,53.3858833312988,-1.49749433994293,2019-02-23 23:52:58,5.879
5c254cf064b33bac22c66fa3,2019-02-23 13:25:41,53.3860893249512,-1.4974137544632,2019-02-23 23:52:58,6.826
5c254cf064b33bac22c66fa3,2019-02-23 13:25:57,53.3863410949707,-1.49722492694855,2019-02-23 23:52:58,6.855
5c254cf064b33bac22c66fa3,2019-02-23 13:26:13,53.3865203857422,-1.4971421957016,2019-02-23 23:52:58,6.117
5c254cf064b33bac22c66fa3,2019-02-23 13:26:30,53.3865966796875,-1.49704945087433,2019-02-23 23:52:58,9.435
5c254cf064b33bac22c66fa3,2019-02-23 13:26:45,53.3868370056152,-1.49690282344818,2019-02-23 23:52:58,6.139
5c254cf064b33bac22c66fa3,2019-02-23 13:27:01,53.3870544433594,-1.49695706367493,2019-02-23 23:52:58,6.203
5c254cf064b33bac22c66fa3,2019-02-23 13:27:21,53.387134552002,-1.49713218212128,2019-02-23 23:52:58,7.708
5c254cf064b33bac22c66fa3,2019-02-23 13:27:38,53.3871154785156,-1.49708485603333,2019-02-23 23:52:58,11.594
5c254cf064b33bac22c66fa3,2019-02-23 13:29:19,53.3869514465332,-1.49696969985962,2019-02-23 23:52:58,17.476
5c254cf064b33bac22c66fa3,2019-02-23 13:29:40,53.3866233825684,-1.49668049812317,2019-02-23 23:52:58,23.664
5c254cf064b33bac22c66fa3,2019-02-23 13:30:00,53.3865394592285,-1.49708020687103,2019-02-23 23:52:58,15.5
5c254cf064b33bac22c66fa3,2019-02-23 13:30:20,53.3863220214844,-1.49726963043213,2019-02-23 23:52:58,26.498
5c254cf064b33bac22c66fa3,2019-02-23 13:30:41,53.3859901428223,-1.49748766422272,2019-02-23 23:52:58,31.089
5c254cf064b33bac22c66fa3,2019-02-23 13:31:01,53.3857460021973,-1.49745202064514,2019-02-23 23:52:58,24.129
5c254cf064b33bac22c66fa3,2019-02-23 13:31:21,53.385684967041,-1.49790346622467,2019-02-23 23:52:58,17.216
5c254cf064b33bac22c66fa3,2019-02-23 13:31:42,53.3854560852051,-1.49775421619415,2019-02-23 23:52:58,31.869
5c254cf064b33bac22c66fa3,2019-02-23 13:32:04,53.3849296569824,-1.49781715869904,2019-02-23 23:52:58,25.515
5c254cf064b33bac22c66fa3,2019-02-23 13:32:23,53.3847351074219,-1.49782943725586,2019-02-23 23:52:58,24.719
5c254cf064b33bac22c66fa3,2019-02-23 13:32:44,53.3844299316406,-1.49777674674988,2019-02-23 23:52:58,30.156
5c254cf064b33bac22c66fa3,2019-02-23 13:33:24,53.3846702575684,-1.49820685386658,2019-02-23 23:52:58,15.347
5c254cf064b33bac22c66fa3,2019-02-23 13:34:05,53.3846740722656,-1.4982875585556,2019-02-23 23:52:58,15.237
5c254cf064b33bac22c66fa3,2019-02-23 13:37:39,53.3847122192383,-1.49820685386658,2019-02-23 23:52:58,15.167
5c254cf064b33bac22c66fa3,2019-02-23 14:44:38,53.3846855163574,-1.49837183952332,2019-02-23 23:52:58,15.798
5c254cf064b33bac22c66fa3,2019-02-23 14:44:58,53.3846626281738,-1.49826776981354,2019-02-23 23:52:58,14.762
5c254cf064b33bac22c66fa3,2019-02-23 19:19:12,53.3846740722656,-1.49829828739166,2019-02-23 23:52:58,16.04
5c254cf064b33bac22c66fa3,2019-02-23 19:19:31,53.384708404541,-1.49820625782013,2019-02-23 23:52:58,29.976
5c254cf064b33bac22c66fa3,2019-02-23 19:38:06,53.3846855163574,-1.49826514720917,2019-02-23 23:52:58,15.137
5c254cf064b33bac22c66fa3,2019-02-24 11:36:49,53.3847122192383,-1.49822235107422,2019-02-24 13:08:41,11.063
5c254cf064b33bac22c66fa3,2019-02-24 11:37:37,53.3847198486328,-1.49820804595947,2019-02-24 13:08:41,16.411
5c254cf064b33bac22c66fa3,2019-02-24 20:50:59,53.3863067626953,-1.48329484462738,2019-02-24 23:38:49,1100
5c254cf064b33bac22c66fa3,2019-02-24 20:51:34,53.3846054077148,-1.49815785884857,2019-02-24 23:38:49,13
5c254cf064b33bac22c66fa3,2019-02-25 12:06:09,53.384708404541,-1.49822092056274,2019-02-25 15:53:24,15.008
5c254cf064b33bac22c66fa3,2019-02-25 12:07:00,53.3846969604492,-1.49822318553925,2019-02-25 15:53:24,16.087
5c254cf064b33bac22c66fa3,2019-02-25 12:08:41,53.3849868774414,-1.49750137329102,2019-02-25 15:53:24,17.074
5c254cf064b33bac22c66fa3,2019-02-25 12:09:02,53.3851852416992,-1.49726891517639,2019-02-25 15:53:24,15.235
5c254cf064b33bac22c66fa3,2019-02-25 12:09:42,53.3856811523438,-1.49658477306366,2019-02-25 15:53:24,15.288
5c254cf064b33bac22c66fa3,2019-02-25 12:10:02,53.386043548584,-1.49623703956604,2019-02-25 15:53:24,16.21
5c254cf064b33bac22c66fa3,2019-02-25 12:10:23,53.3861389160156,-1.49627304077148,2019-02-25 15:53:24,24.568
5c254cf064b33bac22c66fa3,2019-02-25 12:10:43,53.3861694335937,-1.49568259716034,2019-02-25 15:53:24,35.402
5c254cf064b33bac22c66fa3,2019-02-25 12:11:03,53.3861503601074,-1.49542534351349,2019-02-25 15:53:24,23.747
5c254cf064b33bac22c66fa3,2019-02-25 12:11:24,53.3858795166016,-1.49519968032837,2019-02-25 15:53:24,29.147
5c254cf064b33bac22c66fa3,2019-02-25 12:11:46,53.3857650756836,-1.49440574645996,2019-02-25 15:53:24,47.32
5c254cf064b33bac22c66fa3,2019-02-25 12:12:06,53.385856628418,-1.4945559501648,2019-02-25 15:53:24,42.025
5c254cf064b33bac22c66fa3,2019-02-25 12:12:27,53.3857116699219,-1.49461019039154,2019-02-25 15:53:24,31.914
5c254cf064b33bac22c66fa3,2019-02-25 12:13:56,53.385669708252,-1.49448347091675,2019-02-25 15:53:24,24.262
5c254cf064b33bac22c66fa3,2019-02-25 12:14:16,53.3851585388184,-1.49414777755737,2019-02-25 15:53:24,32.356
5c254cf064b33bac22c66fa3,2019-02-25 12:14:36,53.3853416442871,-1.49363672733307,2019-02-25 15:53:24,26.313
5c254cf064b33bac22c66fa3,2019-02-25 12:14:57,53.3852195739746,-1.49344265460968,2019-02-25 15:53:24,29.298
5c254cf064b33bac22c66fa3,2019-02-25 12:15:20,53.3852806091309,-1.49308621883392,2019-02-25 15:53:24,31.794
5c254cf064b33bac22c66fa3,2019-02-25 12:15:40,53.3850898742676,-1.4934573173523,2019-02-25 15:53:24,28.887
5c254cf064b33bac22c66fa3,2019-02-25 12:16:01,53.3855171203613,-1.49309051036835,2019-02-25 15:53:24,25.512
5c254cf064b33bac22c66fa3,2019-02-25 12:18:03,53.3837127685547,-1.48936712741852,2019-02-25 15:53:24,72.9
5c254cf064b33bac22c66fa3,2019-02-25 12:18:24,53.3835906982422,-1.48895847797394,2019-02-25 15:53:24,17.6
5c254cf064b33bac22c66fa3,2019-02-25 12:18:44,53.383487701416,-1.48844528198242,2019-02-25 15:53:24,28.554
5c254cf064b33bac22c66fa3,2019-02-25 12:19:09,53.3833351135254,-1.48865675926209,2019-02-25 15:53:24,28.626
5c254cf064b33bac22c66fa3,2019-02-25 12:19:46,53.3834228515625,-1.48759293556213,2019-02-25 15:53:24,57.763
5c254cf064b33bac22c66fa3,2019-02-25 12:20:46,53.3826484680176,-1.48666501045227,2019-02-25 15:53:24,90.092
5c254cf064b33bac22c66fa3,2019-02-25 12:21:15,53.3824501037598,-1.48617434501648,2019-02-25 15:53:24,74.668
5c254cf064b33bac22c66fa3,2019-02-25 12:21:47,53.3823699951172,-1.48598062992096,2019-02-25 15:53:24,125.295
5c254cf064b33bac22c66fa3,2019-02-25 12:22:08,53.382381439209,-1.48387324810028,2019-02-25 15:53:24,110
5c254cf064b33bac22c66fa3,2019-02-25 12:22:49,53.3824996948242,-1.48396706581116,2019-02-25 15:53:24,135.6
5c254cf064b33bac22c66fa3,2019-02-25 12:23:34,53.3825569152832,-1.48421394824982,2019-02-25 15:53:24,29.104
5c254cf064b33bac22c66fa3,2019-02-25 12:24:14,53.3823318481445,-1.48344969749451,2019-02-25 15:53:24,27.093
5c254cf064b33bac22c66fa3,2019-02-25 12:24:34,53.3821144104004,-1.48330473899841,2019-02-25 15:53:24,28.35
5c254cf064b33bac22c66fa3,2019-02-25 12:24:57,53.3820457458496,-1.48356676101685,2019-02-25 15:53:24,24.353
5c254cf064b33bac22c66fa3,2019-02-25 12:25:27,53.3819198608398,-1.48338055610657,2019-02-25 15:53:24,15.903
5c254cf064b33bac22c66fa3,2019-02-25 12:25:48,53.3818473815918,-1.48305869102478,2019-02-25 15:53:24,26.685
5c254cf064b33bac22c66fa3,2019-02-25 12:26:08,53.3817367553711,-1.48240888118744,2019-02-25 15:53:24,14.547
5c254cf064b33bac22c66fa3,2019-02-25 12:26:50,53.3817481994629,-1.48174452781677,2019-02-25 15:53:24,15.421
5c254cf064b33bac22c66fa3,2019-02-25 12:27:33,53.3817481994629,-1.48182094097137,2019-02-25 15:53:24,15.034
5c254cf064b33bac22c66fa3,2019-02-25 12:28:36,53.3817863464356,-1.4821765422821,2019-02-25 15:53:24,16.74
5c254cf064b33bac22c66fa3,2019-02-25 12:29:12,53.3818244934082,-1.48233020305634,2019-02-25 15:53:24,104.1
5c254cf064b33bac22c66fa3,2019-02-25 12:29:57,53.3817253112793,-1.4822952747345,2019-02-25 15:53:24,15.015
5c254cf064b33bac22c66fa3,2019-02-25 12:35:50,53.3817138671875,-1.48219919204712,2019-02-25 15:53:24,15.351
5c254cf064b33bac22c66fa3,2019-02-25 12:36:11,53.3816261291504,-1.48191261291504,2019-02-25 15:53:24,24.381
5c254cf064b33bac22c66fa3,2019-02-25 12:36:33,53.3816833496094,-1.48198437690735,2019-02-25 15:53:24,16.4
5c254cf064b33bac22c66fa3,2019-02-25 12:36:53,53.381591796875,-1.48181676864624,2019-02-25 15:53:24,68.4
5c254cf064b33bac22c66fa3,2019-02-25 12:37:15,53.381778717041,-1.48163044452667,2019-02-25 15:53:24,28.678
5c254cf064b33bac22c66fa3,2019-02-25 12:38:17,53.3814315795898,-1.48162174224854,2019-02-25 15:53:24,17.386
5c254cf064b33bac22c66fa3,2019-02-25 12:39:59,53.3815498352051,-1.48163115978241,2019-02-25 15:53:24,15.112
5c254cf064b33bac22c66fa3,2019-02-25 12:40:32,53.381591796875,-1.48159515857697,2019-02-25 15:53:24,15.225
5c254cf064b33bac22c66fa3,2019-02-25 12:41:15,53.3817481994629,-1.48181545734406,2019-02-25 15:53:24,15.469
5c254cf064b33bac22c66fa3,2019-02-25 12:41:36,53.3816642761231,-1.4818240404129,2019-02-25 15:53:24,15.312
5c254cf064b33bac22c66fa3,2019-02-25 13:15:10,53.3818550109863,-1.48190701007843,2019-02-25 15:53:24,17.179
5c254cf064b33bac22c66fa3,2019-02-25 13:15:50,53.3817977905273,-1.48198294639587,2019-02-25 15:53:24,17.26
5c254cf064b33bac22c66fa3,2019-02-25 13:16:11,53.3817100524902,-1.48181164264679,2019-02-25 15:53:24,15.058
5c254cf064b33bac22c66fa3,2019-02-25 14:07:27,53.3863067626953,-1.48329484462738,2019-02-25 15:53:24,1100
5c254cf064b33bac22c66fa3,2019-02-25 14:07:49,53.3900032043457,-1.48470544815063,2019-02-25 15:53:24,1000
5c254cf064b33bac22c66fa3,2019-02-25 14:08:09,53.3863067626953,-1.48329484462738,2019-02-25 15:53:24,1100
5c254cf064b33bac22c66fa3,2019-02-25 14:08:31,53.3817367553711,-1.48214507102966,2019-02-25 15:53:24,15.611
5c254cf064b33bac22c66fa3,2019-02-25 14:08:53,53.3817443847656,-1.48223757743835,2019-02-25 15:53:24,15.04
5c254cf064b33bac22c66fa3,2019-02-25 14:19:55,53.3818321228027,-1.48234105110168,2019-02-25 15:53:24,14.841
5c254cf064b33bac22c66fa3,2019-02-25 14:21:58,53.3817405700684,-1.4821720123291,2019-02-25 15:53:24,14.94
5c254cf064b33bac22c66fa3,2019-02-25 14:55:18,53.3818473815918,-1.48234248161316,2019-02-25 15:53:24,14.73
5c254cf064b33bac22c66fa3,2019-02-25 15:04:17,53.3817520141602,-1.48235702514648,2019-02-25 15:53:24,52.4
5c254cf064b33bac22c66fa3,2019-02-25 15:04:38,53.3817367553711,-1.48215007781982,2019-02-25 15:53:24,15.031
5c254cf064b33bac22c66fa3,2019-02-25 15:29:37,53.3863067626953,-1.48329484462738,2019-02-25 15:53:24,1100
5c254cf064b33bac22c66fa3,2019-02-25 15:30:20,53.3818855285645,-1.48189055919647,2019-02-25 15:53:24,26.16
5c254cf064b33bac22c66fa3,2019-02-25 15:31:09,53.3817558288574,-1.48183190822601,2019-02-25 15:53:24,15.117
5c254cf064b33bac22c66fa3,2019-02-25 15:32:10,53.3817405700684,-1.48024940490723,2019-02-25 15:53:24,82.5
5c254cf064b33bac22c66fa3,2019-02-25 15:33:32,53.3821830749512,-1.48061144351959,2019-02-25 15:53:24,58.875
5c254cf064b33bac22c66fa3,2019-02-25 15:33:53,53.3823547363281,-1.48041927814484,2019-02-25 15:53:24,82.5
5c254cf064b33bac22c66fa3,2019-02-25 15:34:13,53.3822174072266,-1.47981142997742,2019-02-25 15:53:24,65.071
5c254cf064b33bac22c66fa3,2019-02-25 15:34:38,53.3825263977051,-1.47918772697449,2019-02-25 15:53:24,47.772
5c254cf064b33bac22c66fa3,2019-02-25 15:35:16,53.3826942443848,-1.47857344150543,2019-02-25 15:53:24,42.088
5c254cf064b33bac22c66fa3,2019-02-25 15:35:42,53.3830070495606,-1.47843277454376,2019-02-25 15:53:24,48.82
5c254cf064b33bac22c66fa3,2019-02-25 15:36:17,53.3834533691406,-1.4788224697113,2019-02-25 15:53:24,16.119
5c254cf064b33bac22c66fa3,2019-02-25 15:36:37,53.3835601806641,-1.47873246669769,2019-02-25 15:53:24,32.301
5c254cf064b33bac22c66fa3,2019-02-25 15:36:58,53.383544921875,-1.47895872592926,2019-02-25 15:53:24,15.001
5c254cf064b33bac22c66fa3,2019-02-25 15:37:18,53.3835868835449,-1.47905397415161,2019-02-25 15:53:24,16
